uuid,waktu_transaksi,armada_id_var,no_body_var,card_number_var,card_type_var,balance_before_int,fare_int,balance_after_int,transcode_txt,gate_in_boo,p_latitude_flo,p_longitude_flo,status_var,free_service_boo,insert_on_dtm
40ffc2dc-933c-4e21-ab20-3935e33deac0,7/30/2025 2:18,B 4738 AGS,KLG_47900,326553144400708,BRIZZI,54000,35000,19000,TX000001,TRUE,-6.192277555,106.7787233,S,FALSE,10/19/2025 2:20
cc03bbdf-e9da-457d-874a-a4ab944081e2,7/26/2025 8:52,B 5429 AGS,LGS4115-,9673319555070380,E-Money,86000,35000,51000,TX000002,TRUE,-6.240311816,106.7818313,S,FALSE,7/26/2025 8:54
40ffc2dc-933c-4e21-ab20-3935e33deac0,7/30/2025 2:18,B 4738 SEL,KLG4590,326553144400708,BRIZZI,54000,35000,19000,TX000001,TRUE,-6.192277555,106.7787233,S,FALSE,7/30/2025 2:20
cc03bbdf-e9da-457d-874a-a4ab944081e2,7/26/2025 8:52,B 5429 PKC,LGS4315-,9673319555070380,E-Money,86000,35000,51000,TX000002,TRUE,-6.240311816,106.7818313,S,FALSE,7/26/2025 8:54
d146c50b-d3ed-4029-b0fe-ee072736b4fb,7/15/2025 7:06,B 2169 GFP,KLG1916A,8.70551E+15,BRIZZI,74000,35000,39000,TX000003,FALSE,-6.18998901,106.7629057,S,FALSE,7/15/2025 7:06
6972e293-1c2f-424d-b6e0-e1a65420bd5a,7/14/2025 22:47,B 6727 BTH,KLG6647,5.73775E+15,JakCard,47500,3500,44000,TX000004,FALSE,-6.152840633,106.7582447,S,FALSE,7/14/2025 22:48
220d052f-bce3-4969-b076-e38820921cb8,7/7/2025 11:20,B 7517 GGE,NBR7583,9.73105E+15,Flazz,98500,3500,95000,TX000005,TRUE,-6.160012437,106.8139659,S,FALSE,7/7/2025 11:21
44e7f0d5-2993-405e-8f03-435877680dd7,7/7/2025 17:40,B 8292 ZLI,LGS8804_,4.59637E+15,E-Money,59000,2000,57000,TX000006,FALSE,-6.174337003,106.7688541,S,FALSE,7/7/2025 17:41
3c094de0-6317-447d-a0af-e3f324d29aae,7/20/2025 17:25,B 3058 YEL,KLG5036_B,6.87987E+15,E-Money,80000,35000,45000,TX000007,FALSE,-6.173995198,106.8380062,S,FALSE,7/20/2025 17:26
f67dade1-78ca-46b5-b6b2-0bbd5f33b12d,7/7/2025 6:28,B 2775 FGK,NBR486,6.24863E+15,Flazz,18000,0,18000,TX000008,FALSE,-6.197481893,106.7649517,S,TRUE,7/7/2025 6:29
a1851fae-06f5-4a9a-8a70-85e52a1aa4ed,7/12/2025 0:14,B 7077 NIB,LGS5315,6.30507E+15,E-Money,14000,2000,12000,TX000009,FALSE,-6.18905288,106.8427821,S,FALSE,7/12/2025 0:16
a82421ca-0adb-4aab-b8f9-f76ff0c5a70e,7/17/2025 3:09,B 9171 WGA,PTK6414_A,7.88944E+15,JakCard,7000,2000,5000,TX000010,FALSE,-6.187203711,106.7851689,S,FALSE,7/17/2025 3:09
eacc93dd-80d4-4019-aa6b-5bd357c4781d,7/31/2025 14:21,B 6977 CEX,NBR498,4.48581E+15,JakCard,68000,0,68000,TX000011,TRUE,-6.168046556,106.7779133,S,TRUE,7/31/2025 14:22
c96ce8dc-ff3a-4104-85b2-367539489fd1,7/17/2025 13:10,B 3279 DGN,PTK1485B,1.97768E+15,BRIZZI,45500,3500,42000,TX000012,FALSE,-6.178915944,106.8075894,S,FALSE,7/17/2025 13:10
a517111b-1897-49bb-a393-b9f694fda50a,7/18/2025 14:09,B 6616 IMW,BRT7627,5.76218E+15,JakCard,81000,35000,46000,TX000013,TRUE,-6.204004792,106.8059456,S,FALSE,7/18/2025 14:09
dbd0eba7-e363-49e5-aadd-1b7c4e03b7c9,7/1/2025 14:22,B 4242 BSQ,LGS3090-,6.36793E+14,BRIZZI,36000,20000,16000,TX000014,TRUE,-6.241574851,106.7529092,S,FALSE,7/1/2025 14:23
cc02a4e1-7d6a-4278-89e7-8749b65c7cdf,7/1/2025 0:19,B 7537 WHP,NBR5024-B,9.71047E+15,JakCard,54000,0,54000,TX000015,TRUE,-6.1809105,106.7592825,S,TRUE,7/1/2025 0:19
63312ddf-0126-4890-bc75-b6f890844c08,7/11/2025 18:59,B 3236 BFQ,TWS1359,1.33212E+15,Flazz,20000,2000,18000,TX000016,TRUE,-6.234056672,106.7814438,S,FALSE,7/11/2025 19:00
d0ea44e9-5663-4eaa-805c-2879e534b027,7/22/2025 0:17,B 8260 DOI,KLG4738_,4.25724E+15,BRIZZI,97000,20000,77000,TX000017,FALSE,-6.157177581,106.8144221,S,FALSE,7/22/2025 0:17
f880cf9f-077f-4803-ad8e-f307d43f5407,7/13/2025 10:51,B 7551 FZB,NBR4519_A,2.6189E+15,E-Money,38000,35000,3000,TX000018,TRUE,-6.160022669,106.7566439,F,FALSE,7/13/2025 10:53
563a3297-cd99-4752-bdd2-974dd0dd1803,7/18/2025 11:54,B 7952 RWV,PTK7166,8.98812E+15,Flazz,83000,20000,63000,TX000019,FALSE,-6.202039256,106.8280232,S,FALSE,7/18/2025 11:54
ebebac03-c382-4a81-85fc-a85245325b5e,7/4/2025 13:13,B 8490 QZI,TWS9978_,8.367E+15,E-Money,63500,3500,60000,TX000020,FALSE,-6.194709406,106.8493303,S,FALSE,7/4/2025 13:13
db82872d-11f0-4e5e-8b90-2ed66dd836f5,7/26/2025 18:34,B 9108 BOE,KLG1698_B,8.56399E+15,BRIZZI,30000,20000,10000,TX000021,FALSE,-6.230656832,106.7926472,S,FALSE,7/26/2025 18:35
439ab13b-1f53-4099-8302-b2e2d509052d,7/20/2025 2:39,B 1115 LZS,PTK7861A,5.76762E+15,E-Money,9500,3500,6000,TX000022,TRUE,-6.212323594,106.8388214,S,FALSE,7/20/2025 2:40
9bd2ecce-36b9-41d2-b21a-74f3320f3656,7/28/2025 1:57,B 4760 ZAP,PTK2145,4.42578E+15,E-Money,47000,35000,12000,TX000023,FALSE,-6.157972854,106.7755091,S,FALSE,7/28/2025 1:58
bf317cb8-ef71-4722-ba03-436239d7db1b,7/25/2025 1:01,B 6237 JEM,LGS2960_,4.40204E+15,JakCard,29000,0,29000,TX000024,FALSE,-6.161161047,106.8109161,S,TRUE,7/25/2025 1:02
d61ff48f-d8ce-4c91-95c4-b8153d3049be,7/31/2025 9:02,B 7833 RNZ,TWS4778B,1.12339E+15,JakCard,48000,35000,13000,TX000025,FALSE,-6.155258638,106.8315187,S,FALSE,7/31/2025 9:02
fa420b53-efe9-4b12-81f9-34b47c29078f,7/3/2025 2:20,B 5908 NOY,PTK9540B,8.31393E+15,E-Money,37000,0,37000,TX000026,TRUE,-6.17702676,106.8047073,S,TRUE,7/3/2025 2:21
39e94ee7-10f7-4b21-b0ce-b8a1e3e8f111,7/31/2025 16:49,B 1352 THI,LGS5931_,3.63863E+15,BRIZZI,75000,0,75000,TX000027,FALSE,-6.234176515,106.8129813,S,TRUE,7/31/2025 16:50
0567892b-1531-4989-bab5-f23385113ad7,7/21/2025 11:24,B 2791 JQV,TWS7375_A,1.00971E+15,JakCard,48000,35000,13000,TX000028,TRUE,-6.211092762,106.8050594,S,FALSE,7/21/2025 11:26
ad23a75c-ce28-4965-a114-382a567fe028,7/3/2025 11:21,B 2981 JQY,KLG774B,8.48686E+15,E-Money,96000,0,96000,TX000029,TRUE,-6.208014131,106.7897108,S,TRUE,7/3/2025 11:23
e52e5e22-9423-45c8-a3bc-15c27a1073ef,7/16/2025 5:35,B 3247 KBI,KLG1173,5.71253E+15,E-Money,94000,2000,92000,TX000030,TRUE,-6.214369023,106.7791692,S,FALSE,7/16/2025 5:35
f7603f7c-c711-4bbd-a35f-8b1f2a83642c,7/15/2025 19:10,B 5062 THN,KLG8918B,3.7551E+15,JakCard,33000,0,33000,TX000031,TRUE,-6.159576403,106.7591428,S,TRUE,7/15/2025 19:11
59079113-ac34-4eb1-afff-95da2eb48cf3,7/7/2025 20:39,B 5376 NAN,PTK2246,7.25613E+15,E-Money,31000,20000,11000,TX000032,FALSE,-6.164385842,106.8492621,S,FALSE,7/7/2025 20:40
66311499-2382-4e4e-8b81-02639d589ae1,7/9/2025 23:11,B 3072 SRU,KLG5787B,5.21551E+15,Flazz,75000,35000,40000,TX000033,TRUE,-6.21277999,106.7619461,S,FALSE,7/9/2025 23:12
fb7c0ce1-160b-44dd-83cd-0195d30f4197,7/5/2025 13:04,B 1459 HOW,KLG5438_A,9.30297E+15,Flazz,65000,2000,63000,TX000034,FALSE,-6.205047275,106.8202318,S,FALSE,7/5/2025 13:04
7330f903-6f03-4c0c-97e2-3ef5e97f0b99,7/30/2025 10:28,B 2424 QBO,KLG8667,4.68146E+15,Flazz,17000,0,17000,TX000035,TRUE,-6.206407476,106.7590332,S,TRUE,7/30/2025 10:29
9ff5cb46-827a-4be4-ae62-d16ea6bc3853,7/14/2025 14:06,B 8050 LKW,NBR7096,3.24821E+15,BRIZZI,78000,20000,58000,TX000036,TRUE,-6.218781782,106.7697617,S,FALSE,7/14/2025 14:06
8c33a5fc-137c-445d-88b0-24cce698ef60,7/24/2025 5:26,B 3951 IUI,LGS6243,7.05337E+15,JakCard,78000,20000,58000,TX000037,TRUE,-6.161296703,106.7794172,S,FALSE,7/24/2025 5:26
8dac9278-1df2-4a95-93b0-903a041148aa,7/12/2025 3:15,B 6334 YJN,LGS8796_,9.04311E+15,E-Money,44000,35000,9000,TX000038,FALSE,-6.180918608,106.7707766,S,FALSE,7/12/2025 3:17
721b1731-97ec-4181-8e36-cb6002a35ba9,7/10/2025 17:34,B 6621 RCY,KLG6699-,8.44863E+15,E-Money,93000,2000,91000,TX000039,TRUE,-6.186441145,106.8378815,S,FALSE,7/10/2025 17:35
3c7dbddd-6f82-4325-9df0-4b4db3b719a0,7/30/2025 0:22,B 6469 KFT,KLG8193-B,3.40604E+15,JakCard,48000,20000,28000,TX000040,FALSE,-6.226296735,106.7967521,S,FALSE,7/30/2025 0:23
cd7416b1-ea6b-4d3d-94a5-9a779bea0bb0,7/23/2025 23:56,B 9926 WZC,LGS1760B,7.47411E+15,JakCard,35500,3500,32000,TX000041,TRUE,-6.181476568,106.8368632,S,FALSE,7/23/2025 23:57
89a0048d-ef25-448f-bb26-8b8e194d8a53,7/4/2025 20:20,B 4536 JYX,BRT6899,2.3557E+15,BRIZZI,83000,20000,63000,TX000042,TRUE,-6.242656272,106.7678659,S,FALSE,7/4/2025 20:22
48202dcc-62d2-4832-822a-139409236024,7/4/2025 17:15,B 1782 QNY,KLG8634B,7.09269E+15,BRIZZI,60000,20000,40000,TX000043,TRUE,-6.155719836,106.7520628,S,FALSE,7/4/2025 17:15
e4f362fd-5d92-4a56-8e3c-ddfd6c960583,7/17/2025 0:01,B 5830 HQA,KLG2559-A,7.39492E+15,Flazz,60000,20000,40000,TX000044,FALSE,-6.207552151,106.778795,S,FALSE,7/17/2025 0:03
248f73d7-6f08-450c-b0f6-e6d602401fcb,7/1/2025 4:23,B 8197 MSH,NBR1823,6.3163E+15,E-Money,94000,20000,74000,TX000045,FALSE,-6.212659222,106.7568998,S,FALSE,7/1/2025 4:23
f2ffb972-964f-4ef2-9c75-25f3b50a0d8d,7/14/2025 2:01,B 1531 HVO,PTK7548,6.36075E+15,JakCard,60000,35000,25000,TX000046,TRUE,-6.182727784,106.8140619,S,FALSE,7/14/2025 2:01
54b77b5b-5f99-4ccb-bf9a-9ff39a96fb21,7/7/2025 2:44,B 5001 PHV,NBR9368B,4.19786E+15,BRIZZI,17000,2000,15000,TX000047,TRUE,-6.241074261,106.7741182,S,FALSE,7/7/2025 2:45
fd09d40e-a833-4a69-a8ba-4cea4948992a,7/15/2025 19:38,B 4663 JTX,NBR3583_B,2.48379E+15,BRIZZI,56000,35000,21000,TX000048,FALSE,-6.15566618,106.7913773,S,FALSE,7/15/2025 19:40
fb95529b-aa81-4f0d-ad2a-22adea6ff002,7/9/2025 3:44,B 1506 PTL,LGS8661_A,7.68567E+15,JakCard,71000,20000,51000,TX000049,TRUE,-6.182815327,106.799336,S,FALSE,7/9/2025 3:44
2abab333-fd0e-48d1-8f0a-7d112103c8b9,7/15/2025 22:27,B 9688 GFR,TWS5918,5.95144E+15,Flazz,80500,3500,77000,TX000050,TRUE,-6.239467023,106.7992044,S,FALSE,7/15/2025 22:28
162749f6-34ad-4700-80a7-6d9f8fbd2e85,7/21/2025 4:08,B 3902 AJE,LGS3788-B,2.67051E+15,JakCard,28000,20000,8000,TX000051,FALSE,-6.190153464,106.8256606,S,FALSE,7/21/2025 4:10
a93f5238-078f-4c59-8deb-67e4f95ed690,7/5/2025 13:41,B 9507 WNQ,NBR5444-B,5.55076E+15,JakCard,19000,2000,17000,TX000052,TRUE,-6.2284158,106.8426571,S,FALSE,7/5/2025 13:42
3bac44e5-482d-4273-9ed7-981d1c7523c7,7/7/2025 17:40,B 2745 ZGZ,PTK7353,8.82198E+15,E-Money,99000,35000,64000,TX000053,FALSE,-6.243099224,106.8124259,S,FALSE,7/7/2025 17:42
9d61d9e6-ea63-4f67-9a97-e3cab125e09a,7/6/2025 5:17,B 5695 XUR,BRT2792A,4.69453E+15,BRIZZI,71000,0,71000,TX000054,TRUE,-6.222757621,106.7522494,S,TRUE,7/6/2025 5:17
fc34fb08-e907-45cc-94e0-939c125dfd29,7/22/2025 5:42,B 1112 KIW,KLG6858B,6.91335E+15,Flazz,74000,35000,39000,TX000055,TRUE,-6.234835238,106.8201983,S,FALSE,7/22/2025 5:44
66050fce-2a33-4cfe-9037-745d7aae056b,7/10/2025 2:01,B 3622 IST,KLG3080,9.7468E+14,E-Money,67000,35000,32000,TX000056,TRUE,-6.183703526,106.774505,S,FALSE,7/10/2025 2:03
974d6c9d-2738-4b6b-ae5f-2f9a6e3ea90e,7/11/2025 23:34,B 7431 IXP,LGS1820_,7.31752E+15,BRIZZI,36000,2000,34000,TX000057,TRUE,-6.164312129,106.8473487,S,FALSE,7/11/2025 23:35
afbf5799-cafe-4e03-9a0e-4814cbf7b888,7/24/2025 18:25,B 1601 GEH,TWS564-A,5.92148E+15,Flazz,31000,20000,11000,TX000058,FALSE,-6.187216783,106.8444853,S,FALSE,7/24/2025 18:26
e5fcaefe-9e27-4362-b678-866984ae50b8,7/18/2025 7:24,B 5133 XFA,KLG1521_,1.66347E+15,Flazz,45500,3500,42000,TX000059,TRUE,-6.166777983,106.8211001,S,FALSE,7/18/2025 7:25
14259972-3ea4-41c3-892d-ab47ff4668ca,7/30/2025 23:46,B 3806 MMM,TWS6484-A,8.96836E+15,Flazz,73000,35000,38000,TX000060,FALSE,-6.245941917,106.8473743,S,FALSE,7/30/2025 23:46
90749aba-131b-4ed6-81f0-55d7c80bbcec,7/10/2025 21:30,B 8419 AGZ,BRT584-,6.72033E+15,E-Money,51000,2000,49000,TX000061,TRUE,-6.150115489,106.7982907,S,FALSE,7/10/2025 21:30
a3825c49-ec1f-47cc-9672-f01344033139,7/27/2025 12:35,B 7781 NMV,LGS3850-,3.59187E+15,JakCard,27000,2000,25000,TX000062,TRUE,-6.184121058,106.8373083,S,FALSE,7/27/2025 12:35
c63d0a67-41ff-4974-982a-b05a200d98e8,7/15/2025 12:48,B 6360 ELB,PTK4094-A,5.19911E+15,Flazz,11500,3500,8000,TX000063,FALSE,-6.222118312,106.7667423,S,FALSE,7/15/2025 12:49
b41318e8-cf2f-42b0-acc1-94051187e8f9,7/20/2025 12:11,B 1211 UJI,BRT3205-,6.00452E+15,BRIZZI,31000,2000,29000,TX000064,TRUE,-6.222273175,106.7539047,S,FALSE,7/20/2025 12:12
b890fcd2-851f-420a-b9d5-9fcba5d7e966,7/4/2025 8:59,B 3764 HHK,LGS7050,1.97395E+15,JakCard,25000,0,25000,TX000065,TRUE,-6.220344536,106.7937405,S,TRUE,7/4/2025 9:00
d875ec28-5dc0-4fc1-a104-739334bdd86b,7/13/2025 4:45,B 4262 WIW,LGS959-A,8.51662E+15,BRIZZI,20000,0,20000,TX000066,TRUE,-6.154197836,106.7681081,S,TRUE,7/13/2025 4:47
e05369df-2f6d-414a-a38f-aea49959410d,7/1/2025 0:41,B 1540 NLJ,LGS3975_,2.72999E+15,BRIZZI,22000,0,22000,TX000067,TRUE,-6.243542076,106.7585602,S,TRUE,7/1/2025 0:43
73e1c3c4-d6e2-40b8-bb07-2c05667d1eea,7/25/2025 12:03,B 6220 OVK,TWS3167,2.77556E+15,JakCard,27500,3500,24000,TX000068,TRUE,-6.21555963,106.7513087,S,FALSE,7/25/2025 12:03
a99669a5-0d5c-4821-800e-8b0fbb798788,7/2/2025 11:34,B 7578 YEG,PTK9176_,9.38051E+15,Flazz,71000,2000,69000,TX000069,TRUE,-6.165839818,106.7668732,S,FALSE,7/2/2025 11:35
3156b140-3ac0-4ff2-bd74-3fca888fb345,7/14/2025 22:41,B 4549 HDU,LGS5981-,5.47161E+15,JakCard,56500,3500,53000,TX000070,TRUE,-6.160386899,106.7856719,F,FALSE,7/14/2025 22:43
2869c316-918e-49fb-a6c0-44f22481e584,7/6/2025 6:21,B 5393 CIM,LGS6386-A,4.54162E+15,E-Money,6500,3500,3000,TX000071,FALSE,-6.17680026,106.8438912,S,FALSE,7/6/2025 6:22
307b4679-b36b-421f-8a7b-667f833e6176,7/9/2025 8:36,B 6022 AEB,TWS8882A,7.51112E+15,Flazz,71000,0,71000,TX000072,TRUE,-6.237850811,106.7699579,S,TRUE,7/9/2025 8:36
f04c2d8f-91bd-465c-b735-5a7021ccf030,7/2/2025 23:06,B 1574 CNK,TWS196-B,1.05917E+15,E-Money,29000,20000,9000,TX000073,FALSE,-6.193468177,106.75363,S,FALSE,7/2/2025 23:07
86bf627b-4389-4a48-8d48-a65f832b3d80,7/30/2025 13:49,B 5940 NYZ,PTK7110B,5.91792E+15,E-Money,45000,2000,43000,TX000074,FALSE,-6.204222785,106.849703,S,FALSE,7/30/2025 13:51
f089bf85-2bec-4704-96bc-8ebb7788df74,7/15/2025 2:34,B 9188 HMZ,KLG5420,3.49159E+15,BRIZZI,23000,0,23000,TX000075,TRUE,-6.212947769,106.8417644,S,TRUE,7/15/2025 2:36
c99e6357-0085-4849-8642-28c2299a5ccd,7/26/2025 10:52,B 7281 BYP,PTK9738_B,4.10395E+15,BRIZZI,99500,3500,96000,TX000076,FALSE,-6.230390222,106.8292642,S,FALSE,7/26/2025 10:53
55c1b748-7014-468f-b93d-15d0cc0f9802,7/20/2025 16:46,B 9371 TWE,KLG5420_,2.57074E+15,Flazz,92000,20000,72000,TX000077,FALSE,-6.173018161,106.7501853,F,FALSE,7/20/2025 16:46
a42eecb0-2d83-4fef-bf3e-ced3538c09aa,7/29/2025 3:08,B 2163 FAW,NBR137B,7.504E+15,BRIZZI,51000,2000,49000,TX000078,FALSE,-6.161635878,106.7686751,S,FALSE,7/29/2025 3:09
7c45854e-9d99-4d95-a56f-42c4cdf49938,7/4/2025 21:03,B 1561 CHL,KLG8900_,8.55679E+15,JakCard,30000,20000,10000,TX000079,FALSE,-6.219663598,106.8459819,S,FALSE,7/4/2025 21:04
50dc766c-7fbc-45b9-85d8-c48b6cac7578,7/20/2025 20:01,B 6590 CDN,NBR9121A,5.29916E+15,Flazz,15000,2000,13000,TX000080,TRUE,-6.194447057,106.8424909,S,FALSE,7/20/2025 20:02
93a0f585-24d3-4b30-93ec-22ea3c1bf4df,7/8/2025 14:11,B 2359 LUB,KLG6791A,1.60163E+15,Flazz,13000,0,13000,TX000081,TRUE,-6.170022928,106.8286213,S,TRUE,7/8/2025 14:11
5eab7134-4a3d-4eb2-bf87-4d611fdd0d7f,7/6/2025 23:29,B 9790 ZLN,BRT7068-,6.23339E+15,E-Money,56000,35000,21000,TX000082,FALSE,-6.196171456,106.7683598,S,FALSE,7/6/2025 23:30
e52644a1-281b-46f8-b791-0ee16e911df4,7/28/2025 8:07,B 5920 TWD,LGS5991_B,2.25661E+15,E-Money,36000,35000,1000,TX000083,FALSE,-6.173749709,106.7502602,S,FALSE,7/28/2025 8:08
c350d9a4-87e9-435d-8e8a-dfc61c744a08,7/9/2025 9:33,B 5528 LQO,KLG3512,4.68271E+15,BRIZZI,49000,2000,47000,TX000084,FALSE,-6.176830962,106.8168021,S,FALSE,7/9/2025 9:33
5f3890a0-7307-49af-973b-f3ed82e565f6,7/13/2025 12:04,B 9752 RUJ,LGS2490-,7.76978E+15,JakCard,28000,2000,26000,TX000085,TRUE,-6.209259165,106.8153497,S,FALSE,7/13/2025 12:05
2c236888-7d16-4db5-94f6-a7629206ce6b,7/27/2025 7:52,B 8910 LZE,LGS4205,9.94833E+15,BRIZZI,69500,3500,66000,TX000086,FALSE,-6.22529099,106.8283525,S,FALSE,7/27/2025 7:54
de30c19b-710e-4685-b139-ff666047f6a0,7/21/2025 16:24,B 5113 MSE,TWS8141B,7.49791E+15,BRIZZI,51000,2000,49000,TX000087,TRUE,-6.194190035,106.7786882,S,FALSE,7/21/2025 16:25
e8af17a0-3e78-4d0b-a19c-09fa933389e1,7/11/2025 9:29,B 6871 BIQ,BRT2043,1.74652E+15,BRIZZI,77000,2000,75000,TX000088,FALSE,-6.226856512,106.7970254,S,FALSE,7/11/2025 9:31
7c16056f-c098-4e67-8800-cbec158d2b49,7/19/2025 3:36,B 1145 TBY,LGS655A,6.98894E+15,Flazz,98000,2000,96000,TX000089,TRUE,-6.177777918,106.7975257,S,FALSE,7/19/2025 3:37
e9f36226-3de9-447d-b07f-fd9e63ce10df,7/6/2025 14:44,B 3522 SVY,BRT9018-B,7.59644E+15,BRIZZI,45000,20000,25000,TX000090,TRUE,-6.211578519,106.8391168,S,FALSE,7/6/2025 14:46
0ee87c3a-c6c9-45d3-ad8e-faf9e96cca1f,7/2/2025 8:09,B 2588 VHH,LGS6239-B,6.80418E+15,JakCard,27000,20000,7000,TX000091,TRUE,-6.202111612,106.7855064,S,FALSE,7/2/2025 8:10
e5006d1b-c566-4f70-a516-b487771400e7,7/23/2025 13:06,B 8439 VXN,KLG1967,5.22526E+15,Flazz,78500,3500,75000,TX000092,TRUE,-6.193368091,106.7525763,S,FALSE,7/23/2025 13:07
e9c4240f-13b6-4f0f-be19-72ba744e0887,7/18/2025 17:01,B 2618 DQR,BRT6396-,5.53093E+15,JakCard,17500,3500,14000,TX000093,FALSE,-6.162471915,106.8250592,S,FALSE,7/18/2025 17:01
9fbdfe59-fe22-4ce2-b26c-bc9935022f16,7/24/2025 13:03,B 7528 TMO,PTK8518B,4.72557E+15,Flazz,62500,3500,59000,TX000094,FALSE,-6.199055191,106.7801396,S,FALSE,7/24/2025 13:04
bbe8a6a8-4510-4763-8c96-d3a1eed8f4ab,7/7/2025 17:31,B 2800 EAA,LGS2989_B,8.31809E+15,BRIZZI,12500,3500,9000,TX000095,TRUE,-6.24962311,106.8457007,S,FALSE,7/7/2025 17:32
6e32f513-3511-48d4-85b8-6ee0813ad160,7/27/2025 19:27,B 7167 NJX,PTK2176_A,8.02933E+15,Flazz,83500,3500,80000,TX000096,FALSE,-6.170717923,106.7806296,S,FALSE,7/27/2025 19:27
89d7c8f9-a747-41bc-a2df-d66362d2eb84,7/26/2025 8:17,B 4786 MTE,PTK4790-,5.49771E+15,Flazz,79000,20000,59000,TX000097,FALSE,-6.187133502,106.8004727,S,FALSE,7/26/2025 8:18
12f8f76c-538e-446b-bf39-8198e785265b,7/24/2025 7:22,B 4346 LZP,BRT2087B,9.57573E+15,JakCard,89500,3500,86000,TX000098,FALSE,-6.169640522,106.8295413,S,FALSE,7/24/2025 7:23
9cc1349f-e3c1-41ae-827f-de1262da78eb,7/19/2025 1:11,B 3402 DRX,BRT1881,2.58144E+15,JakCard,85000,2000,83000,TX000099,FALSE,-6.229373899,106.8006177,S,FALSE,7/19/2025 1:13
7c4770ff-82d6-4636-9bae-d82bb8add57c,7/6/2025 8:11,B 9989 OLN,TWS7258B,6.73258E+14,JakCard,36000,20000,16000,TX000100,TRUE,-6.181474394,106.8062612,S,FALSE,7/6/2025 8:11
4d8ba23d-1dd4-40c0-b3f7-f9aaadcc8e42,7/30/2025 22:16,B 5304 KAM,TWS7147_B,8.37064E+15,JakCard,59000,20000,39000,TX000101,TRUE,-6.225701542,106.7615344,S,FALSE,7/30/2025 22:18
ccfe9369-e310-4702-83bb-02262a20ca7a,7/30/2025 4:18,B 7156 ERS,KLG3994,5.84727E+15,Flazz,69000,2000,67000,TX000102,TRUE,-6.229200445,106.7984815,S,FALSE,7/30/2025 4:19
4eff0e2c-06c8-4592-a9f6-306146205d0a,7/15/2025 9:02,B 7055 KYB,LGS7045_,7.93128E+15,BRIZZI,81000,2000,79000,TX000103,FALSE,-6.185278733,106.7514601,S,FALSE,7/15/2025 9:03
719df4c8-bd4b-4446-ab8d-1d49a1cb2654,7/26/2025 0:00,B 6806 IWI,KLG3630,3.84077E+15,E-Money,74000,35000,39000,TX000104,FALSE,-6.246369882,106.8414415,S,FALSE,7/26/2025 0:01
466e6c04-4932-4ae8-b922-53e7b9efd74f,7/23/2025 17:34,B 3739 NAX,NBR3648A,1.85003E+15,JakCard,83000,20000,63000,TX000105,FALSE,-6.201072216,106.7761663,S,FALSE,7/23/2025 17:35
d375b935-ad1f-4363-bbd4-d52ab71c80fc,7/31/2025 21:40,B 7271 MTL,PTK7239,5.18667E+15,Flazz,12000,0,12000,TX000106,TRUE,-6.218716987,106.8137425,S,TRUE,7/31/2025 21:40
b780183c-299b-4b5b-9a79-7354f4926fa7,7/20/2025 13:11,B 1775 OFE,PTK1654A,9.94886E+15,JakCard,81000,20000,61000,TX000107,FALSE,-6.167200133,106.8276014,S,FALSE,7/20/2025 13:13
64afca56-1a34-42ab-9b11-99b9355d49d9,7/16/2025 9:14,B 6163 JOX,BRT7650B,3.2489E+15,Flazz,88500,3500,85000,TX000108,TRUE,-6.169129598,106.7589806,S,FALSE,7/16/2025 9:16
24f46d0a-d090-46ad-a42b-e59bb7d395df,7/9/2025 10:48,B 9596 MLG,TWS7576-,1.11264E+15,Flazz,78500,3500,75000,TX000109,TRUE,-6.178901385,106.833008,S,FALSE,7/9/2025 10:49
e5859e66-4840-4d7f-a148-374e5f5a7d77,7/14/2025 8:48,B 1467 YAY,LGS865,3.85913E+15,Flazz,59000,20000,39000,TX000110,TRUE,-6.18598315,106.7575866,S,FALSE,7/14/2025 8:49
a782c3bd-b379-422f-9c38-f8c40dae2bf7,7/11/2025 23:51,B 6483 VEE,PTK2662A,2.81806E+15,JakCard,18000,0,18000,TX000111,FALSE,-6.21004418,106.8371245,S,TRUE,7/11/2025 23:52
5e4fec69-7037-46e6-97f8-f99e8e317a44,7/14/2025 13:34,B 2374 RHA,KLG9037_B,5.35793E+15,BRIZZI,94000,20000,74000,TX000112,FALSE,-6.160684361,106.7671658,S,FALSE,7/14/2025 13:35
9e63e8bc-d853-45cc-945b-3432153105ad,7/12/2025 6:04,B 8921 MFS,BRT9965_,1.38039E+14,Flazz,65000,35000,30000,TX000113,FALSE,-6.214700894,106.7855945,S,FALSE,7/12/2025 6:06
acfe1134-a959-4dc9-9b58-ab2f6b040333,7/24/2025 19:54,B 8436 NFL,PTK1591_A,2.19172E+14,E-Money,40000,20000,20000,TX000114,TRUE,-6.233772452,106.8028058,S,FALSE,7/24/2025 19:55
8d381c41-cebb-4971-b4fc-c629b8dcffb9,7/1/2025 8:36,B 6651 AMS,BRT5295-,7.88374E+15,Flazz,67000,35000,32000,TX000115,FALSE,-6.231120732,106.7770174,S,FALSE,7/1/2025 8:37
ee94f486-f687-489e-a7af-0a7ee1962f6f,7/20/2025 20:11,B 8186 SBP,PTK2086,1.68013E+14,Flazz,48000,2000,46000,TX000116,FALSE,-6.247534939,106.8232287,S,FALSE,7/20/2025 20:12
9deb3128-7adb-4426-811a-f931923a2ea2,7/18/2025 2:24,B 6561 TMN,NBR7810,7.3061E+15,E-Money,28000,2000,26000,TX000117,FALSE,-6.185533093,106.8220907,S,FALSE,7/18/2025 2:24
f87a1f0a-cf84-4e23-bcfd-2022e2709f95,7/5/2025 12:30,B 7300 ZTZ,PTK4955_B,8.47052E+14,Flazz,85000,20000,65000,TX000118,FALSE,-6.242786829,106.7596409,S,FALSE,7/5/2025 12:32
8f61f741-d3ed-49bd-a031-d941769ad0f8,7/5/2025 10:14,B 9881 BCP,PTK6451,7.80898E+15,BRIZZI,70000,2000,68000,TX000119,FALSE,-6.193358641,106.8162549,S,FALSE,7/5/2025 10:15
120c6d9f-0c39-4cdc-a96a-3b52261b0b75,7/24/2025 10:19,B 9762 EKV,KLG7803A,8.8966E+14,BRIZZI,87000,35000,52000,TX000120,TRUE,-6.154668927,106.8498156,S,FALSE,7/24/2025 10:19
41d36910-398d-4576-9d99-ff84ef9b3b51,7/12/2025 15:07,B 6730 QGB,NBR575-,4.95879E+15,E-Money,28500,3500,25000,TX000121,FALSE,-6.167972498,106.8136264,S,FALSE,7/12/2025 15:08
00b8d625-1210-450e-821f-2a5ca474c540,7/5/2025 9:50,B 7838 RKG,LGS5359-,1.31425E+15,Flazz,51500,3500,48000,TX000122,TRUE,-6.217260073,106.7695969,S,FALSE,7/5/2025 9:50
bcff6f17-aa72-467a-8002-0928f51a5a10,7/22/2025 21:10,B 5609 ETI,LGS4236-B,1.57298E+15,E-Money,62000,35000,27000,TX000123,TRUE,-6.161559585,106.8373672,S,FALSE,7/22/2025 21:12
d6db2a00-4f32-49e0-997f-3d9f033861b6,7/28/2025 4:10,B 2937 HBI,TWS7411_A,6.14349E+15,BRIZZI,29000,20000,9000,TX000124,FALSE,-6.173821013,106.8425321,F,FALSE,7/28/2025 4:11
65fba7b4-1e5f-4d03-abad-3ec698d50e56,7/1/2025 3:37,B 8361 NAN,NBR9184-B,5.14832E+15,E-Money,3000,2000,1000,TX000125,TRUE,-6.15328246,106.7651199,S,FALSE,7/1/2025 3:39
8c1f0ba2-d551-4ae7-a8bd-6d1487a3d50d,7/31/2025 23:58,B 7138 QLD,KLG5902-B,3.81396E+15,E-Money,61500,3500,58000,TX000126,TRUE,-6.182133193,106.8187386,S,FALSE,8/1/2025 0:00
e93010d7-47c6-456b-9baa-f1af964cbf4c,7/27/2025 16:50,B 1280 WSF,PTK7544,9.22267E+15,BRIZZI,22000,20000,2000,TX000127,TRUE,-6.225886416,106.7714182,S,FALSE,7/27/2025 16:51
0a9bb623-7eac-4d1a-bf19-a2fb19027545,7/8/2025 12:48,B 6174 UYR,BRT1564-,5.79746E+15,JakCard,80000,35000,45000,TX000128,TRUE,-6.154230381,106.7841165,S,FALSE,7/8/2025 12:49
ccfe50a4-992d-4238-84c1-d67482cc6367,7/6/2025 6:55,B 8477 BHR,NBR7932,5.689E+15,Flazz,73000,2000,71000,TX000129,TRUE,-6.217804448,106.7822173,S,FALSE,7/6/2025 6:57
5f6a226e-5d48-4386-be32-6819a2a8c69a,7/14/2025 3:17,B 1586 MAB,NBR2669_,1.99356E+15,BRIZZI,26500,3500,23000,TX000130,TRUE,-6.16552125,106.8018351,S,FALSE,7/14/2025 3:18
33b0340a-4e30-4926-b7bd-2bf5dc0be6c1,7/10/2025 5:50,B 6823 III,PTK5831,7.49208E+15,E-Money,24000,20000,4000,TX000131,FALSE,-6.225221305,106.7707561,S,FALSE,7/10/2025 5:51
e0cbe267-0135-443e-970b-cf41164ba9ca,7/10/2025 5:50,B 6889 MQG,BRT9009,4.23395E+15,JakCard,27000,0,27000,TX000132,FALSE,-6.229030317,106.8257601,S,TRUE,7/10/2025 5:51
2de3fae8-69bf-446d-9ef0-54b8517d7661,7/25/2025 22:53,B 7345 RJQ,TWS3207-B,2.29134E+15,JakCard,65000,20000,45000,TX000133,TRUE,-6.17959022,106.7518083,S,FALSE,7/25/2025 22:54
7a32a1d9-a44e-45f4-9119-5be51ee49d39,7/28/2025 9:05,B 2870 OVH,PTK2352B,8.06464E+15,E-Money,92000,2000,90000,TX000134,TRUE,-6.157837127,106.8280969,S,FALSE,7/28/2025 9:06
b8b55da3-d4c7-4274-90c2-17307b2f9478,7/11/2025 3:58,B 7485 GUY,KLG9977-B,7.33064E+15,JakCard,32500,3500,29000,TX000135,TRUE,-6.201109449,106.7676495,S,FALSE,7/11/2025 3:59
c9924766-9c4d-4169-aadb-d6e40c1e1de3,7/21/2025 11:41,B 1803 GZH,KLG5022-,9.16266E+15,E-Money,32000,2000,30000,TX000136,TRUE,-6.223775345,106.8308197,S,FALSE,7/21/2025 11:41
ed0ee4e4-ed37-4ee7-a9db-ff278b63a41f,7/24/2025 22:42,B 8691 OIQ,BRT490_A,5.4719E+15,E-Money,96000,35000,61000,TX000137,FALSE,-6.157324309,106.8422508,S,FALSE,7/24/2025 22:42
c92a112d-4ef2-4ebd-bfc7-d6fd275328e0,7/23/2025 21:37,B 4802 CVY,PTK5245B,5.28323E+15,BRIZZI,35500,3500,32000,TX000138,FALSE,-6.166947296,106.8083845,S,FALSE,7/23/2025 21:38
0e91e51a-3fbe-4bd8-bc98-c23d90dec653,7/20/2025 5:52,B 7390 NXG,PTK865-B,4.66821E+15,E-Money,50000,20000,30000,TX000139,TRUE,-6.168912409,106.8203741,S,FALSE,7/20/2025 5:53
35511b81-36f8-488a-b039-9e05514e3f18,7/3/2025 10:56,B 1444 SQV,LGS2101_B,2.8275E+15,BRIZZI,91500,3500,88000,TX000140,FALSE,-6.211021393,106.8413706,S,FALSE,7/3/2025 10:58
9ccf37d2-ba6a-426d-97d9-292999b2115c,7/25/2025 7:47,B 5054 EMW,LGS8125,5.85981E+15,Flazz,52000,20000,32000,TX000141,FALSE,-6.242493156,106.8456007,S,FALSE,7/25/2025 7:48
75d13774-a85f-46f8-8961-81207b494f57,7/11/2025 2:50,B 6866 BWS,LGS3422-B,6.96325E+15,BRIZZI,50000,35000,15000,TX000142,TRUE,-6.16956735,106.757911,S,FALSE,7/11/2025 2:50
15eb2a71-c2c0-471c-99f6-950446c4ac0c,7/14/2025 10:49,B 8129 NAM,BRT2719-A,9.83102E+15,JakCard,41500,3500,38000,TX000143,FALSE,-6.233315123,106.8274282,S,FALSE,7/14/2025 10:50
6cf904d9-6a73-48e4-8268-d3aa6e0d15b2,7/29/2025 15:19,B 5634 PVN,BRT3296_A,4.22242E+15,E-Money,69000,2000,67000,TX000144,TRUE,-6.220630639,106.7923274,S,FALSE,7/29/2025 15:21
b28a060b-3222-420e-b01e-d5ed6bdffa4b,7/20/2025 3:46,B 3082 ULM,PTK1765-A,2.02805E+15,Flazz,43000,2000,41000,TX000145,FALSE,-6.195734057,106.8147404,S,FALSE,7/20/2025 3:47
e6eb8d22-f606-44ce-a6be-c744b2c8115e,7/25/2025 19:46,B 5122 GHW,NBR312-,5.7563E+15,E-Money,22500,3500,19000,TX000146,FALSE,-6.178121475,106.8457019,S,FALSE,7/25/2025 19:47
2cd1f4c0-b364-40b0-8225-cf6fa7b9ea2c,7/12/2025 9:48,B 9285 AUV,NBR7429,1.66015E+15,E-Money,53500,3500,50000,TX000147,FALSE,-6.182310395,106.7864459,S,FALSE,7/12/2025 9:49
406667c0-ffbd-4172-9e2c-b36e8580f69e,7/14/2025 16:19,B 6065 BCR,NBR2166A,5.10893E+15,JakCard,88000,2000,86000,TX000148,TRUE,-6.213587296,106.803859,S,FALSE,7/14/2025 16:20
ccf9dd7f-707a-4356-a8d0-4ebb125e03ef,7/24/2025 4:00,B 3841 QPT,NBR3442B,9.03427E+15,Flazz,45000,2000,43000,TX000149,FALSE,-6.185649659,106.7584494,S,FALSE,7/24/2025 4:00
bd12f236-279c-40d3-9d3a-12b61b63fe0c,7/13/2025 7:32,B 9063 BIO,NBR8422A,9.47788E+15,Flazz,84000,20000,64000,TX000150,FALSE,-6.231392413,106.7917906,S,FALSE,7/13/2025 7:32
d4a48570-adfc-4a00-8794-38383eda2e37,7/3/2025 19:07,B 7603 UBY,PTK3791B,8.63268E+15,JakCard,92000,2000,90000,TX000151,TRUE,-6.185300542,106.7795211,S,FALSE,7/3/2025 19:08
edd983bf-313c-4a0e-97fa-90634b563254,7/17/2025 3:08,B 3639 FVD,LGS1760A,3.37634E+15,JakCard,12000,2000,10000,TX000152,TRUE,-6.169545986,106.7861757,S,FALSE,7/17/2025 3:09
ba6f7834-a8ac-4041-b9ff-3034878e6e21,7/29/2025 16:22,B 4364 SHI,KLG4367,4.07852E+15,E-Money,28000,20000,8000,TX000153,TRUE,-6.229769194,106.7811733,S,FALSE,7/29/2025 16:22
ec0e25c6-c221-467f-b16e-3ef62e0eb068,7/21/2025 6:29,B 2212 MBW,BRT5992,1.5792E+15,JakCard,37000,35000,2000,TX000154,FALSE,-6.227894616,106.8457356,S,FALSE,7/21/2025 6:29
255d9651-1201-45e1-82bf-62c2760af6e6,7/14/2025 2:54,B 4163 QKM,LGS9484B,5.36635E+15,E-Money,67500,3500,64000,TX000155,TRUE,-6.203401391,106.7862445,S,FALSE,7/14/2025 2:54
f862af37-9ead-4c21-a1aa-3daa391cd3eb,7/4/2025 15:01,B 4762 RRY,PTK183,8.77859E+15,E-Money,89000,0,89000,TX000156,FALSE,-6.203325311,106.779611,S,TRUE,7/4/2025 15:03
346a47ec-4562-41a9-9a85-0d54c78e0d16,7/6/2025 9:02,B 2669 EQA,PTK3491_,9.87325E+15,BRIZZI,71000,0,71000,TX000157,FALSE,-6.220450924,106.7937648,S,TRUE,7/6/2025 9:03
121b3679-1af7-4576-ac5a-e22ccf9715cc,7/1/2025 15:57,B 9015 WFT,TWS6563-,8.55204E+15,E-Money,77500,3500,74000,TX000158,FALSE,-6.193472196,106.815998,S,FALSE,7/1/2025 15:57
58e5b84a-d401-4880-a346-ec7bb648fcdc,7/8/2025 14:54,B 4064 CEH,BRT7804-,6.67886E+15,E-Money,47000,2000,45000,TX000159,TRUE,-6.221517216,106.7729773,S,FALSE,7/8/2025 14:55
c9dad896-8a24-4e3a-8bfa-385ce20d68d6,7/24/2025 6:25,B 4560 ZSF,LGS1909A,7.9289E+15,BRIZZI,23500,3500,20000,TX000160,TRUE,-6.2401529,106.8008808,S,FALSE,7/24/2025 6:26
b19d3381-4421-4613-bed1-8342770fc38a,7/23/2025 0:36,B 6299 LLP,KLG7948,2.34738E+15,JakCard,49000,35000,14000,TX000161,FALSE,-6.226379085,106.7680152,S,FALSE,7/23/2025 0:37
ecef2822-6c3b-4a24-862f-3f71c14565d7,7/20/2025 2:56,B 7961 KYV,KLG576-,9.7521E+15,Flazz,37000,20000,17000,TX000162,FALSE,-6.236956322,106.8347037,S,FALSE,7/20/2025 2:57
e39dc4e6-4b67-4031-a1b0-0ad2a56e0e9d,7/1/2025 11:00,B 2842 DXB,TWS5445-B,4.57723E+15,E-Money,87000,2000,85000,TX000163,FALSE,-6.245996826,106.8199039,S,FALSE,7/1/2025 11:02
9bc2bd1a-0a71-4621-a4ba-63d528800e60,7/4/2025 21:05,B 6749 TIV,NBR3733A,2.24812E+15,JakCard,53000,20000,33000,TX000164,TRUE,-6.197346096,106.8298235,S,FALSE,7/4/2025 21:07
88bbe51d-6d02-4064-88cc-111cf6daad0f,7/13/2025 3:40,B 2448 HDZ,NBR3524,4.59535E+15,BRIZZI,33000,20000,13000,TX000165,TRUE,-6.229054771,106.8181307,S,FALSE,7/13/2025 3:42
ea317670-d8de-4d53-92dc-fc6a0aa07857,7/31/2025 16:09,B 5080 HEB,NBR4727-A,1.83111E+15,JakCard,49000,2000,47000,TX000166,TRUE,-6.227823836,106.815866,S,FALSE,7/31/2025 16:10
a64b0e7d-c9dc-436d-a592-f97780f34db6,7/30/2025 21:15,B 8146 GBP,BRT6804-,1.72004E+15,BRIZZI,76000,2000,74000,TX000167,TRUE,-6.185146381,106.8492263,S,FALSE,7/30/2025 21:15
62cd7c74-fe7d-4ef2-9bb3-c6bf6b020372,7/7/2025 0:10,B 5892 UKP,LGS4495_,7.7388E+15,BRIZZI,77000,2000,75000,TX000168,TRUE,-6.212538469,106.8319878,S,FALSE,7/7/2025 0:11
2c1d53a4-f604-4e5c-ba39-9fdb7fc3467e,7/11/2025 1:12,B 3600 XWT,BRT2290-,4.52937E+15,Flazz,41000,0,41000,TX000169,FALSE,-6.181957245,106.8004326,S,TRUE,7/11/2025 1:14
31df25f1-0907-4cfe-adeb-dcf3767ccac1,7/4/2025 17:32,B 4207 ZNZ,BRT1113,1.59476E+15,BRIZZI,69000,35000,34000,TX000170,FALSE,-6.15184316,106.7525423,S,FALSE,7/4/2025 17:34
d4e76c23-9a1e-40ae-b2bd-3e094f073318,7/9/2025 16:45,B 8308 VZF,NBR3668,8.04238E+15,BRIZZI,62000,2000,60000,TX000171,TRUE,-6.186756548,106.7552216,S,FALSE,7/9/2025 16:47
d03056f9-99e2-40a8-b531-46249294204a,7/29/2025 23:36,B 1360 KXX,BRT3539,4.59576E+15,JakCard,94000,20000,74000,TX000172,FALSE,-6.236242737,106.7897764,S,FALSE,7/29/2025 23:38
66566ac3-5ee0-46b9-b918-d4a762d4318b,7/9/2025 20:54,B 8752 ZKP,KLG5468-,9.84132E+15,JakCard,32000,20000,12000,TX000173,TRUE,-6.170105854,106.7813997,S,FALSE,7/9/2025 20:54
ccd9583f-68b8-4ed6-abb5-b3194bc42188,7/21/2025 12:27,B 7661 LBE,KLG3322_,7.31799E+15,Flazz,3000,2000,1000,TX000174,TRUE,-6.181486501,106.7982929,S,FALSE,7/21/2025 12:29
8e22d4ff-ce6c-4320-95f1-51a8abb77be5,7/29/2025 5:56,B 3721 YRF,PTK313A,3.82198E+15,BRIZZI,83000,20000,63000,TX000175,FALSE,-6.242970791,106.8428317,S,FALSE,7/29/2025 5:56
a1370677-abaf-40d7-9c39-17168bbdcc71,7/28/2025 15:39,B 7097 YHZ,LGS2789_,3.78675E+15,Flazz,39000,20000,19000,TX000176,FALSE,-6.210236185,106.7506982,S,FALSE,7/28/2025 15:40
020e2cae-7383-402f-9659-090be928f810,7/29/2025 22:41,B 9755 CVT,PTK6830A,6.5382E+15,JakCard,66500,3500,63000,TX000177,TRUE,-6.232740797,106.8208206,S,FALSE,7/29/2025 22:43
aa354510-21ff-4d6a-a98e-0e7673c84fe0,7/18/2025 12:20,B 6026 PUR,TWS5092_B,4.73155E+15,JakCard,53000,35000,18000,TX000178,FALSE,-6.227509424,106.8043727,S,FALSE,7/18/2025 12:21
6d55baf5-53dc-45f4-8526-584e2e9af8b5,7/21/2025 10:42,B 4845 MFB,NBR352,8.88574E+15,Flazz,58500,3500,55000,TX000179,FALSE,-6.240366835,106.800501,S,FALSE,7/21/2025 10:43
68bd4553-3803-4b9b-8cb5-c8cbf8b89c58,7/3/2025 6:46,B 4584 KPP,KLG4155B,6.58446E+15,JakCard,49000,35000,14000,TX000180,FALSE,-6.249206816,106.8027391,S,FALSE,7/3/2025 6:48
942ad500-d7f7-4412-bb4e-2a85ab21c141,7/11/2025 4:31,B 6146 OYM,LGS4294-B,7.32198E+15,BRIZZI,12500,3500,9000,TX000181,FALSE,-6.208782986,106.8043896,S,FALSE,7/11/2025 4:32
379abfc1-be79-48c6-ae1d-520c03d97c82,7/5/2025 10:55,B 9395 ZZA,TWS5296,3.53777E+15,E-Money,64000,20000,44000,TX000182,TRUE,-6.162794712,106.8222202,F,FALSE,7/5/2025 10:56
24ab512a-7861-4e27-b2fa-8cde0ba6266d,7/12/2025 3:51,B 2078 YPC,LGS3470-A,2.61821E+15,Flazz,55000,20000,35000,TX000183,TRUE,-6.186982105,106.7985186,S,FALSE,7/12/2025 3:52
a3d9ea46-259f-482d-8936-26882b524536,7/16/2025 13:09,B 7805 YCH,PTK5189_,9.92685E+14,E-Money,37000,35000,2000,TX000184,TRUE,-6.209501486,106.8010697,S,FALSE,7/16/2025 13:11
6d293d35-7b63-4c47-a540-eb374cf42680,7/31/2025 10:17,B 9558 SJC,LGS4562-,2.53601E+15,E-Money,98000,35000,63000,TX000185,TRUE,-6.237773414,106.7731687,S,FALSE,7/31/2025 10:19
408b8168-6ea9-4d0a-b547-0f37119aaa4c,7/4/2025 15:34,B 8564 AJA,NBR5888A,2.31178E+15,BRIZZI,95000,20000,75000,TX000186,TRUE,-6.220352225,106.7971933,S,FALSE,7/4/2025 15:35
51716c73-217a-462b-b1e6-932b1f6a4d46,7/1/2025 19:15,B 2605 IJF,NBR1272A,5.99793E+15,JakCard,39000,2000,37000,TX000187,FALSE,-6.200530761,106.8449735,S,FALSE,7/1/2025 19:15
3ddc2b3f-5d8f-41dd-8f3a-a82f4c76527f,7/28/2025 20:31,B 5505 HRW,NBR1438,6.94665E+15,BRIZZI,61000,20000,41000,TX000188,TRUE,-6.184332339,106.7659474,S,FALSE,7/28/2025 20:31
67cb6f86-4c4a-43ab-ab95-4b42fee48706,7/20/2025 18:17,B 8217 BCT,LGS5702_A,5.47532E+15,E-Money,70500,3500,67000,TX000189,TRUE,-6.169556087,106.7637948,S,FALSE,7/20/2025 18:18
5df92ba8-2c43-4ad2-87b8-48d0a403eb09,7/26/2025 16:27,B 4297 UTD,LGS6435,8.3377E+15,Flazz,61000,35000,26000,TX000190,TRUE,-6.228744313,106.8103592,S,FALSE,7/26/2025 16:28
70373668-97b5-4ba1-8445-db4da3cbb663,7/2/2025 18:32,B 5391 ECN,PTK5547_,8.19572E+15,BRIZZI,36000,35000,1000,TX000191,TRUE,-6.175511577,106.7851556,S,FALSE,7/2/2025 18:32
8144abae-f48b-4173-a7f8-7024bf2c6662,7/18/2025 23:20,B 9731 OTN,PTK2916-,8.96597E+15,JakCard,98500,3500,95000,TX000192,FALSE,-6.233724391,106.7669683,S,FALSE,7/18/2025 23:21
e5fd998c-1f11-418a-90ec-3cd73c007607,7/30/2025 20:24,B 5099 ZUR,LGS1917_B,4.08895E+15,E-Money,84000,35000,49000,TX000193,FALSE,-6.168581368,106.7510581,S,FALSE,7/30/2025 20:26
aa56d3af-49d7-4eb9-88c6-fd6b7e3a5054,7/6/2025 16:53,B 1008 GDY,LGS6761B,7.88377E+15,BRIZZI,84500,3500,81000,TX000194,TRUE,-6.193370533,106.8254708,S,FALSE,7/6/2025 16:55
63e3b473-cb7a-4f88-822e-082c05119a54,7/17/2025 10:50,B 6536 BOV,KLG5217,3.55932E+15,Flazz,29000,0,29000,TX000195,TRUE,-6.206776509,106.7509802,S,TRUE,7/17/2025 10:50
998e1380-c7d6-4860-af1d-03ba08ffd856,7/24/2025 12:06,B 4274 AIT,NBR9977-B,6.8307E+15,E-Money,17000,2000,15000,TX000196,TRUE,-6.190146424,106.7819927,S,FALSE,7/24/2025 12:08
2d8855ff-e202-4e4b-9d3f-516b72125dff,7/24/2025 20:33,B 2412 PEY,TWS1610-B,2.11298E+15,JakCard,75500,3500,72000,TX000197,TRUE,-6.237569736,106.8409266,S,FALSE,7/24/2025 20:34
82ce755d-31f6-42be-9d45-a5bb49dc8e0e,7/7/2025 16:15,B 5020 BWG,LGS196,4.73659E+15,Flazz,36000,2000,34000,TX000198,FALSE,-6.150774634,106.8140807,S,FALSE,7/7/2025 16:16
38c4f3a1-e612-43a1-bc6b-fbafdad09a7e,7/9/2025 17:26,B 7297 RXK,NBR8819-,1.93494E+15,Flazz,55000,20000,35000,TX000199,FALSE,-6.232013891,106.8119383,S,FALSE,7/9/2025 17:28
189cc008-25ad-4d6e-8a62-eacfc727d20c,7/27/2025 0:22,B 9913 UAY,LGS6029,9.63914E+15,Flazz,71000,20000,51000,TX000200,TRUE,-6.20392485,106.8163104,S,FALSE,7/27/2025 0:23
356d9f80-3b80-46ad-aaf6-23981ec4442e,7/14/2025 9:40,B 3737 YPJ,PTK4423-,9.03232E+15,Flazz,35000,2000,33000,TX000201,FALSE,-6.151830782,106.771232,S,FALSE,7/14/2025 9:40
365604df-18d9-46c1-9886-288f3e37ce64,7/21/2025 20:06,B 5426 PAZ,NBR2669,7.75515E+15,Flazz,23000,20000,3000,TX000202,FALSE,-6.183647462,106.7885121,S,FALSE,7/21/2025 20:07
000a3dd5-a71a-4352-b16f-43acc5bc8313,7/9/2025 7:06,B 1555 ODL,NBR8209_,5.48401E+14,Flazz,48000,35000,13000,TX000203,FALSE,-6.216022932,106.8096671,S,FALSE,7/9/2025 7:08
953c6b27-4462-4624-b571-9b0b4f9503f9,7/29/2025 8:05,B 3098 IDM,TWS4173_A,8.03752E+15,JakCard,43000,0,43000,TX000204,FALSE,-6.246747297,106.7518219,F,TRUE,7/29/2025 8:05
6472d75e-2295-444d-8162-327c3fbd302e,7/31/2025 16:40,B 8196 WUL,TWS6983A,2.33138E+15,BRIZZI,72000,2000,70000,TX000205,FALSE,-6.151767396,106.8245366,S,FALSE,7/31/2025 16:40
35c6b72b-74f8-4a66-8997-fdad46608108,7/28/2025 6:57,B 5079 HXZ,NBR9586,9.69521E+14,BRIZZI,98000,35000,63000,TX000206,TRUE,-6.197445848,106.8344985,S,FALSE,7/28/2025 6:58
516bf112-5a4a-4c09-aeff-3f0c5a5431f5,7/2/2025 18:34,B 6544 XBJ,KLG3102_A,4.84649E+15,E-Money,85000,2000,83000,TX000207,FALSE,-6.22577047,106.8359787,S,FALSE,7/2/2025 18:36
406b0cc5-a579-4906-a900-0651e3d526bc,7/19/2025 4:42,B 9262 ODD,BRT1661B,9.52063E+15,BRIZZI,54000,2000,52000,TX000208,TRUE,-6.192841096,106.790653,S,FALSE,7/19/2025 4:43
e32f0087-a2f8-4473-8d66-8191e45b6c97,7/30/2025 8:17,B 6746 ILN,NBR7214A,3.23046E+15,BRIZZI,80000,0,80000,TX000209,FALSE,-6.161465654,106.8372868,S,TRUE,7/30/2025 8:19
95095401-9e23-40b9-aa6c-2a49200e8ab6,7/2/2025 4:56,B 6697 DQA,PTK5622,9.46512E+15,BRIZZI,41500,3500,38000,TX000210,FALSE,-6.206460901,106.8283396,S,FALSE,7/2/2025 4:58
dbc9d316-3544-4943-932b-3766bc0dcc4a,7/9/2025 0:05,B 3753 URE,NBR7824-,4.53213E+15,JakCard,9000,2000,7000,TX000211,TRUE,-6.159642008,106.778827,S,FALSE,7/9/2025 0:06
7755bb12-eea8-4da2-8d0f-aa2a2ebcfc55,7/27/2025 7:02,B 5914 IHP,PTK6658-B,3.9682E+15,Flazz,91500,3500,88000,TX000212,FALSE,-6.178807585,106.8399441,F,FALSE,7/27/2025 7:03
94c3a3be-92db-420f-9690-8cd5316043b3,7/31/2025 10:38,B 3232 LPB,BRT6550,3.48888E+15,E-Money,53500,3500,50000,TX000213,FALSE,-6.155134304,106.7525555,S,FALSE,7/31/2025 10:40
5f68ad59-f68a-424e-a78c-30c78e5b28c1,7/15/2025 4:43,B 5511 ONA,BRT3316_,7.76291E+15,Flazz,49500,3500,46000,TX000214,TRUE,-6.202497518,106.8220852,S,FALSE,7/15/2025 4:44
8c2ec6db-b0af-4f69-9399-bc32f8455f2f,7/5/2025 18:26,B 4718 QJA,KLG8126_A,3.08423E+15,BRIZZI,17500,3500,14000,TX000215,TRUE,-6.190108583,106.7674871,S,FALSE,7/5/2025 18:27
ca7c625b-a3f2-42b9-97a1-9b5c13cf390c,7/12/2025 11:07,B 1257 SON,LGS2598-,5.67591E+14,Flazz,31000,20000,11000,TX000216,TRUE,-6.158538015,106.7875317,S,FALSE,7/12/2025 11:08
1a67f2fc-43db-43cc-b1d1-359a637342d6,7/9/2025 2:35,B 1792 EZU,BRT823-A,9.80681E+15,BRIZZI,89000,2000,87000,TX000217,TRUE,-6.157156794,106.7892062,S,FALSE,7/9/2025 2:36
46f0c701-603b-4ab4-b53e-197b0b094995,7/18/2025 3:40,B 1739 SBH,NBR178,1.44028E+14,Flazz,90500,3500,87000,TX000218,TRUE,-6.15394246,106.8461374,S,FALSE,7/18/2025 3:42
c89f8bdc-8d7b-4b30-914b-358fcca645a2,7/2/2025 8:33,B 4318 MLN,TWS2064_B,4.82191E+15,BRIZZI,62000,35000,27000,TX000219,TRUE,-6.169170654,106.8450507,S,FALSE,7/2/2025 8:34
a877d5b2-e4b0-4d6a-a492-791727e7663a,7/12/2025 1:20,B 6850 FSO,NBR2459,2.37725E+15,JakCard,41000,20000,21000,TX000220,TRUE,-6.158064866,106.788497,S,FALSE,7/12/2025 1:21
80c6ca13-5115-4773-a36a-2f7d77099234,7/13/2025 9:11,B 9916 KOU,BRT7923A,7.22492E+15,JakCard,63000,2000,61000,TX000221,TRUE,-6.215342593,106.8433925,S,FALSE,7/13/2025 9:13
876dcac3-03a7-4ec1-961d-a09927070256,7/28/2025 4:38,B 7485 VLW,KLG5375B,6.52286E+15,Flazz,27000,20000,7000,TX000222,TRUE,-6.214592911,106.7806195,S,FALSE,7/28/2025 4:39
b4d58ab7-61d0-4a4c-a173-5241d15b2b67,7/26/2025 11:55,B 4098 JEN,KLG8542,1.04366E+15,Flazz,62000,35000,27000,TX000223,TRUE,-6.190243758,106.8116105,S,FALSE,7/26/2025 11:56
a9a8a31a-6628-49fc-affa-652006c30d13,7/23/2025 1:19,B 4496 JDL,LGS911,1.5898E+15,JakCard,45500,3500,42000,TX000224,TRUE,-6.153354145,106.7860709,S,FALSE,7/23/2025 1:19
a4119fe6-c25b-4eba-bfa6-6247e28443f3,7/21/2025 6:45,B 3521 PZL,LGS5769,1.69358E+15,BRIZZI,40000,20000,20000,TX000225,FALSE,-6.237640429,106.814564,S,FALSE,7/21/2025 6:45
1fd3e8e0-54fa-473b-a45c-12dc876bc4ff,7/29/2025 3:09,B 7476 TKE,KLG5388_,8.1278E+15,Flazz,62000,20000,42000,TX000226,TRUE,-6.24046788,106.7535668,S,FALSE,7/29/2025 3:09
fc1c6742-8aa6-48e7-9511-0adb1a41f9d6,7/27/2025 10:01,B 7539 JJS,NBR9961,7.50035E+15,Flazz,67000,35000,32000,TX000227,TRUE,-6.185002636,106.8048521,F,FALSE,7/27/2025 10:03
3ac8c9e9-79ad-4278-a212-ead8c36618b2,7/26/2025 0:48,B 8468 LVB,NBR6997_,8.367E+15,E-Money,39000,2000,37000,TX000228,TRUE,-6.21946419,106.7819263,S,FALSE,7/26/2025 0:48
58e38a39-3cc5-4596-aa0a-717be9dd243a,7/23/2025 15:45,B 8698 CMU,PTK7907_,1.63808E+15,JakCard,69000,35000,34000,TX000229,TRUE,-6.159141748,106.836446,S,FALSE,7/23/2025 15:45
10995596-01d4-43aa-a61e-6fddd9584090,7/15/2025 10:43,B 9319 CAQ,PTK9280,9.16036E+15,Flazz,63000,2000,61000,TX000230,TRUE,-6.152169165,106.8337059,S,FALSE,7/15/2025 10:44
97683154-ae1f-4673-838b-8c21cc73d863,7/25/2025 5:18,B 4890 PRE,NBR1765-,1.33914E+15,JakCard,84000,0,84000,TX000231,FALSE,-6.211772925,106.8323405,S,TRUE,7/25/2025 5:20
a7835ba7-7052-4cd8-b2af-ed1e58c4ce67,7/9/2025 12:55,B 8133 QGF,LGS7843-,6.85497E+15,JakCard,50000,0,50000,TX000232,FALSE,-6.188595429,106.8472408,S,TRUE,7/9/2025 12:56
16b97a68-4411-48e1-b4b5-56a0e8274d5d,7/28/2025 8:38,B 1621 DEE,KLG1586B,7.89386E+15,Flazz,47000,20000,27000,TX000233,TRUE,-6.159126143,106.7736056,S,FALSE,7/28/2025 8:38
b4dacccf-b97d-4978-954e-7dccfb597dbf,7/28/2025 9:38,B 9120 JDY,LGS1151A,2.07079E+15,Flazz,83000,20000,63000,TX000234,TRUE,-6.210237069,106.8220052,S,FALSE,7/28/2025 9:38
ecc821cf-67c9-4432-a964-f98a76bdd62d,7/25/2025 8:53,B 2448 RAL,LGS2180,5.33916E+15,Flazz,50000,20000,30000,TX000235,TRUE,-6.174843892,106.7825313,S,FALSE,7/25/2025 8:54
f9b0c0bf-e8c6-4930-a644-c57895f57d69,7/8/2025 7:52,B 7284 MIW,LGS7840A,5.878E+15,E-Money,12000,2000,10000,TX000236,TRUE,-6.163352149,106.8497008,S,FALSE,7/8/2025 7:53
cf83e8a3-29c0-4f24-88e4-98e19231260c,7/28/2025 2:30,B 1513 XZL,LGS762-A,1.13494E+14,JakCard,49000,35000,14000,TX000237,TRUE,-6.245635191,106.7543209,S,FALSE,7/28/2025 2:32
d06c5c7e-3fa9-4167-a7f0-e103e3e60fff,7/17/2025 13:11,B 7804 SYN,NBR9064,6.10521E+15,BRIZZI,78000,35000,43000,TX000238,FALSE,-6.175510052,106.8405806,F,FALSE,7/17/2025 13:12
92f75692-78f3-4b03-b6e6-f67febde8864,7/6/2025 17:47,B 1559 CPK,LGS8778_,9.40106E+15,JakCard,86000,2000,84000,TX000239,FALSE,-6.229687988,106.8078528,S,FALSE,7/6/2025 17:48
4f508642-d8a3-48a8-b250-277ed0423dd3,7/29/2025 22:01,B 8325 DHH,BRT531-,5.98885E+15,JakCard,26500,3500,23000,TX000240,FALSE,-6.172490336,106.7552947,F,FALSE,7/29/2025 22:02
390fa70f-d957-4ebf-818d-b0dbe69ab988,7/11/2025 22:29,B 3376 LOV,BRT3171,8.08865E+15,JakCard,46000,2000,44000,TX000241,TRUE,-6.193652781,106.824921,S,FALSE,7/11/2025 22:31
a732f383-5274-4d77-bcbd-73b5b466722b,7/22/2025 21:38,B 5619 YHD,TWS9853,6.07473E+15,JakCard,41000,0,41000,TX000242,FALSE,-6.186883723,106.8079774,S,TRUE,7/22/2025 21:39
7a545aef-71e6-4329-833a-9ac8fd6ec5b5,7/25/2025 0:16,B 5930 PUV,TWS9648-A,5.10264E+15,BRIZZI,80000,2000,78000,TX000243,TRUE,-6.161665114,106.8367573,S,FALSE,7/25/2025 0:18
131f4581-4989-45ce-a670-d0690606ffeb,7/24/2025 14:08,B 5238 MBU,TWS9194_,2.51181E+14,BRIZZI,65000,35000,30000,TX000244,TRUE,-6.155930985,106.7944505,S,FALSE,7/24/2025 14:09
2de41ff4-f8d5-48d3-928e-20b41092e5c4,7/31/2025 7:39,B 2715 VID,TWS408B,8.81104E+15,E-Money,70000,35000,35000,TX000245,TRUE,-6.22584465,106.7931755,S,FALSE,7/31/2025 7:39
6aac01fc-4ab7-40a0-8f26-3355f2641a14,7/13/2025 9:27,B 2469 XFZ,KLG3253A,2.8657E+15,BRIZZI,68000,35000,33000,TX000246,TRUE,-6.166143007,106.8332545,S,FALSE,7/13/2025 9:28
fc27eabc-083c-46ca-a970-af108723e272,7/8/2025 16:47,B 2741 VYS,NBR9504-B,7.93127E+15,BRIZZI,57000,2000,55000,TX000247,FALSE,-6.226972982,106.7730917,S,FALSE,7/8/2025 16:47
f1a91664-c8b1-44aa-a981-74fbcec7fe63,7/25/2025 16:25,B 1067 EYI,BRT1000_A,8.10758E+15,BRIZZI,67000,35000,32000,TX000248,FALSE,-6.247329067,106.7854676,S,FALSE,7/25/2025 16:27
9e21e889-2291-4d9f-ad87-44995ebd1e60,7/6/2025 3:46,B 5791 BTZ,NBR5577-,8.34619E+15,BRIZZI,89000,0,89000,TX000249,TRUE,-6.183250258,106.8195744,S,TRUE,7/6/2025 3:46
1211c7c3-b393-4b8d-b1eb-5b3aa6baa702,7/26/2025 12:43,B 7767 VIG,KLG9082,4.64392E+15,JakCard,70500,3500,67000,TX000250,FALSE,-6.170252702,106.8385161,F,FALSE,7/26/2025 12:43
60f86290-4304-4b95-8003-bafe2850873e,7/14/2025 13:42,B 3828 WAH,LGS8067,5.35504E+15,Flazz,64000,20000,44000,TX000251,TRUE,-6.223148194,106.8422235,S,FALSE,7/14/2025 13:43
d0cef4a5-d112-41a4-ae87-15e1b75de26c,7/18/2025 18:11,B 3663 OFQ,LGS5372,4.34904E+15,BRIZZI,82000,0,82000,TX000252,FALSE,-6.193266569,106.7629516,S,TRUE,7/18/2025 18:12
2fd0a959-4297-4606-abdc-92f1998e2361,7/29/2025 7:03,B 3514 FZX,KLG2676A,7.62566E+14,E-Money,66000,35000,31000,TX000253,FALSE,-6.243629368,106.7676841,S,FALSE,7/29/2025 7:05
d4b33ad9-84e4-4c03-be80-d4270e7f1000,7/25/2025 7:32,B 8673 GCS,BRT7850,6.99751E+15,E-Money,96000,35000,61000,TX000254,FALSE,-6.198477756,106.8342144,S,FALSE,7/25/2025 7:33
1428a853-734a-494c-91c8-992376614d91,7/31/2025 18:13,B 4424 JRX,PTK5935,7.4875E+15,Flazz,98500,3500,95000,TX000255,FALSE,-6.233144332,106.7792176,S,FALSE,7/31/2025 18:14
9c0a64e0-02cb-44c8-9e95-2b8f57d89874,7/25/2025 22:32,B 4480 XJG,BRT7666_,7.62266E+15,E-Money,89000,0,89000,TX000256,FALSE,-6.179527363,106.7980414,S,TRUE,7/25/2025 22:34
979daa99-20ae-4ec5-b99b-effa8d458234,7/26/2025 14:49,B 1613 WBA,BRT9213-,8.04184E+15,Flazz,52000,20000,32000,TX000257,TRUE,-6.222015452,106.8120001,S,FALSE,7/26/2025 14:49
4a5c597b-7737-49df-8c5a-5ee72518d5ea,7/16/2025 1:06,B 8534 JPE,KLG7272B,2.28983E+15,BRIZZI,31000,0,31000,TX000258,FALSE,-6.226413378,106.7587534,S,TRUE,7/16/2025 1:07
c03d029d-1c4f-41ca-b584-ae3492a799a2,7/12/2025 13:00,B 5120 WLC,BRT9015,3.18476E+15,BRIZZI,50500,3500,47000,TX000259,FALSE,-6.172309311,106.8327517,S,FALSE,7/12/2025 13:00
61b299e4-3893-4a9c-a705-1ff37d7a1140,7/9/2025 1:12,B 7451 YBR,NBR2496-B,5.90212E+15,Flazz,84000,2000,82000,TX000260,FALSE,-6.178104095,106.7663789,S,FALSE,7/9/2025 1:13
226c6c97-7339-41d9-ba59-e0cce5023356,7/30/2025 23:57,B 6355 VOX,LGS7374,9.12223E+15,JakCard,95000,20000,75000,TX000261,FALSE,-6.225822364,106.787545,S,FALSE,7/30/2025 23:58
e5456f21-c34f-4f8c-a250-f1c5d1a5d8af,7/31/2025 22:51,B 5000 BSN,KLG685_A,5.70916E+15,Flazz,54000,35000,19000,TX000262,FALSE,-6.180412289,106.7644587,S,FALSE,7/31/2025 22:52
54c6d59e-e8a6-49dc-bcae-ea2ec659cd9c,7/21/2025 10:22,B 5386 TPK,LGS4320B,7.98848E+14,JakCard,37000,0,37000,TX000263,TRUE,-6.162819935,106.831183,S,TRUE,7/21/2025 10:24
542c7f02-71ee-41f7-9f14-86feaae93e96,7/3/2025 21:01,B 7684 YJA,BRT53_A,3.51914E+13,BRIZZI,25000,0,25000,TX000264,TRUE,-6.156052588,106.8216452,S,TRUE,7/3/2025 21:02
c7de8d5b-0aa6-4552-9d65-584402d34014,7/11/2025 18:48,B 4567 PWQ,PTK75_A,6.19046E+15,Flazz,45000,35000,10000,TX000265,FALSE,-6.21134125,106.840239,S,FALSE,7/11/2025 18:49
a48b5892-573d-40b0-a092-b8a696535292,7/16/2025 6:22,B 7150 DMV,TWS5487,2.27267E+15,E-Money,54000,35000,19000,TX000266,TRUE,-6.169790306,106.8409231,S,FALSE,7/16/2025 6:23
03a69548-f425-4611-9e30-7c9b2a98bf8e,7/4/2025 2:48,B 1214 FXX,TWS1152-,9.5978E+15,E-Money,69000,35000,34000,TX000267,FALSE,-6.16325237,106.7752253,S,FALSE,7/4/2025 2:50
b953336c-789e-425a-9e7c-2ce54d51fa6c,7/29/2025 23:10,B 2514 MSI,PTK2702-,3.65204E+15,BRIZZI,79000,0,79000,TX000268,TRUE,-6.223403143,106.7985133,S,TRUE,7/29/2025 23:11
6878ffd0-9ae0-4f9f-8b49-aa9570e06d7d,7/30/2025 3:30,B 2885 JPZ,TWS887,7.32111E+15,BRIZZI,29000,20000,9000,TX000269,TRUE,-6.180026978,106.8168741,S,FALSE,7/30/2025 3:31
bef2da2d-6198-43f4-a498-5d75ab838b74,7/21/2025 5:23,B 1620 JHM,KLG5808_,2.53807E+15,E-Money,27000,2000,25000,TX000270,FALSE,-6.210966648,106.845538,S,FALSE,7/21/2025 5:25
b720a33b-23f8-4ec2-835e-ebd94522f74b,7/25/2025 20:59,B 1906 MYF,TWS8340-,2.72423E+15,JakCard,86000,2000,84000,TX000271,TRUE,-6.235616785,106.761582,S,FALSE,7/25/2025 21:00
20bb1ab1-f06a-4b25-8634-a0488a1674ae,7/25/2025 17:19,B 3709 TEZ,KLG6410-B,6.24014E+15,E-Money,77000,0,77000,TX000272,FALSE,-6.245234603,106.8178858,S,TRUE,7/25/2025 17:21
c8b6dfe8-b126-4eaa-8b82-a1f0efe40532,7/27/2025 0:29,B 7049 DEQ,TWS9535-,1.83321E+15,BRIZZI,9500,3500,6000,TX000273,FALSE,-6.183554509,106.830334,S,FALSE,7/27/2025 0:30
4526c5b2-befd-4e2e-97ab-d98dda2a4587,7/27/2025 10:37,B 3640 TOA,NBR6670,9.67853E+14,BRIZZI,75000,20000,55000,TX000274,TRUE,-6.191320513,106.7749668,F,FALSE,7/27/2025 10:38
b1256f59-c5dd-41ef-ac6b-68ca07d52cf1,7/6/2025 3:39,B 7512 THM,LGS5535_A,6.69393E+15,BRIZZI,37000,35000,2000,TX000275,TRUE,-6.151993505,106.7737504,S,FALSE,7/6/2025 3:39
16ea614e-10c6-4c1f-8b82-e53645281faf,7/9/2025 5:39,B 7990 ZXZ,TWS6955_B,8.80966E+15,JakCard,63500,3500,60000,TX000276,FALSE,-6.157434244,106.7903218,S,FALSE,7/9/2025 5:40
11d07cc4-8ad1-4529-af59-e97c34dd5b75,7/13/2025 3:34,B 2794 QDB,KLG1962_,3.99008E+15,Flazz,61000,2000,59000,TX000277,TRUE,-6.249258305,106.8255318,S,FALSE,7/13/2025 3:36
f838439b-6fd1-4013-b668-77288e759e00,7/13/2025 11:21,B 1131 NJV,PTK4239_A,5.94396E+15,JakCard,64000,2000,62000,TX000278,FALSE,-6.225274836,106.7690023,S,FALSE,7/13/2025 11:22
afea7296-78d0-4959-93c0-83602b2c7d12,7/19/2025 22:29,B 1919 DHS,KLG7476B,1.37433E+15,BRIZZI,26000,0,26000,TX000279,FALSE,-6.150833101,106.8221521,S,TRUE,7/19/2025 22:31
57fb05a4-8439-4f94-8732-608a9ffe8d52,7/25/2025 22:45,B 1090 BLA,LGS1255A,2.34111E+15,Flazz,63000,2000,61000,TX000280,TRUE,-6.190840325,106.8114653,S,FALSE,7/25/2025 22:46
959c3fd7-c7c7-4373-8fed-9c1316eff321,7/16/2025 5:55,B 6914 NJO,PTK1622,2.38492E+15,BRIZZI,48500,3500,45000,TX000281,TRUE,-6.19870927,106.841517,S,FALSE,7/16/2025 5:56
0bb3e7ee-325f-4b28-bed4-8b3a962772c1,7/18/2025 20:46,B 1508 OAG,PTK7361,5.82045E+15,E-Money,82000,20000,62000,TX000282,TRUE,-6.156109512,106.8436308,S,FALSE,7/18/2025 20:47
9673c485-c361-4556-81bf-8d612ab20667,7/16/2025 21:13,B 8145 TOF,PTK4634B,3.28518E+15,E-Money,22000,20000,2000,TX000283,FALSE,-6.22733835,106.7726437,S,FALSE,7/16/2025 21:13
f501bd5b-df3c-4d8c-8a94-8869c038a28d,7/9/2025 21:17,B 2795 LXT,KLG4264A,8.14384E+15,E-Money,73000,2000,71000,TX000284,FALSE,-6.157719038,106.7930976,S,FALSE,7/9/2025 21:18
34157ddf-cdff-4e27-b78c-6c60aef7d9db,7/30/2025 16:36,B 4715 WTE,PTK8423_B,3.4822E+15,JakCard,76500,3500,73000,TX000285,FALSE,-6.173466293,106.7638773,S,FALSE,7/30/2025 16:37
790ff7c6-6970-4bba-9805-7bdec92910d7,7/19/2025 9:39,B 2907 XLF,PTK3485B,7.15194E+15,JakCard,68000,35000,33000,TX000286,FALSE,-6.202704784,106.8277714,S,FALSE,7/19/2025 9:39
35aea25b-54cf-4f0a-8839-c38c8736d140,7/30/2025 18:44,B 2308 FUW,KLG3355B,1.89897E+15,E-Money,30000,20000,10000,TX000287,TRUE,-6.195580377,106.8366521,S,FALSE,7/30/2025 18:45
1bc26a77-bc41-4047-bfb9-eb2f248c686c,7/26/2025 17:51,B 7819 XJM,LGS7526A,3.74149E+15,BRIZZI,44000,20000,24000,TX000288,FALSE,-6.190147695,106.7708916,S,FALSE,7/26/2025 17:53
6343834e-04c8-4ebc-83c1-75ea37ab9895,7/19/2025 16:21,B 8571 CUU,NBR512_B,8.92833E+15,JakCard,81000,20000,61000,TX000289,FALSE,-6.224565002,106.7582064,S,FALSE,7/19/2025 16:22
995c757b-82c3-4332-9dea-49301fd5cf60,7/4/2025 11:06,B 3656 DUJ,KLG1245,2.95408E+15,Flazz,86000,35000,51000,TX000290,FALSE,-6.217675202,106.8277441,S,FALSE,7/4/2025 11:07
c5cb06b4-e199-4aa1-9719-6f6143d098a4,7/11/2025 16:56,B 1149 DQD,PTK4562-B,8.00991E+14,JakCard,95500,3500,92000,TX000291,FALSE,-6.225699533,106.7605049,S,FALSE,7/11/2025 16:58
b7af37ac-9e83-4f2f-809f-b1b2a59ee0f4,7/28/2025 23:48,B 7002 VSG,TWS3830A,4.13056E+15,BRIZZI,45500,3500,42000,TX000292,FALSE,-6.205032504,106.7572934,S,FALSE,7/28/2025 23:48
b3269ed4-1907-4e0e-8d18-aa3453626a26,7/3/2025 7:54,B 2657 ZXV,PTK3817,5.85694E+15,Flazz,54000,2000,52000,TX000293,TRUE,-6.245465048,106.8255053,S,FALSE,7/3/2025 7:56
aa7e85fc-bd33-4366-badc-0dc71fbeb189,7/13/2025 9:14,B 9356 LOU,LGS6666-B,6.42193E+15,BRIZZI,46000,2000,44000,TX000294,TRUE,-6.162638158,106.8030122,S,FALSE,7/13/2025 9:15
bd7e99b7-2769-447c-bad1-3fc1129d29b1,7/17/2025 8:39,B 5726 CHR,KLG9168B,2.37081E+15,BRIZZI,50000,20000,30000,TX000295,TRUE,-6.235385363,106.8497804,S,FALSE,7/17/2025 8:40
9ec20ce0-b505-4d9f-b758-3b6b87840793,7/26/2025 7:53,B 7708 PID,TWS2993-A,2.17592E+14,Flazz,5500,3500,2000,TX000296,FALSE,-6.236491911,106.8430552,S,FALSE,7/26/2025 7:54
bf73cd08-a476-4ecf-840d-797c5d8ab854,7/26/2025 19:06,B 7943 BLJ,LGS7928_,6.20969E+15,BRIZZI,88000,20000,68000,TX000297,FALSE,-6.236498694,106.787767,S,FALSE,7/26/2025 19:07
a97983ee-3c66-4b76-97a1-662ef69db794,7/21/2025 18:43,B 6420 RVW,TWS7585_A,1.75209E+15,E-Money,29000,20000,9000,TX000298,FALSE,-6.236680949,106.8042469,S,FALSE,7/21/2025 18:44
95c26d02-ee07-487c-82b4-00d1b1da533c,7/30/2025 16:21,B 4263 WQZ,BRT2393_,2.30302E+15,E-Money,9000,2000,7000,TX000299,TRUE,-6.240944945,106.8397427,S,FALSE,7/30/2025 16:21
fbafe8a6-4ca8-4fea-b27c-f8e99745de41,7/13/2025 23:34,B 1800 LQM,NBR7416A,2.13133E+15,Flazz,65000,35000,30000,TX000300,TRUE,-6.189408559,106.7990948,S,FALSE,7/13/2025 23:35
7f70b2f1-7a5a-4a46-ad68-0612ea40a82f,7/6/2025 6:25,B 8039 QTH,LGS244-,6.1732E+15,JakCard,95000,35000,60000,TX000301,FALSE,-6.224773225,106.7962616,S,FALSE,7/6/2025 6:25
b88736fc-d028-4398-b999-bac0dd30fffc,7/20/2025 22:13,B 7383 ZFY,LGS5577A,5.71253E+14,BRIZZI,33000,20000,13000,TX000302,FALSE,-6.213165316,106.7528272,S,FALSE,7/20/2025 22:13
578f8669-81ba-45af-9203-f0981e77b928,7/25/2025 18:58,B 8883 DYE,PTK807-,1.5934E+15,BRIZZI,65000,0,65000,TX000303,FALSE,-6.201138969,106.8094304,S,TRUE,7/25/2025 19:00
f1c83a1d-1dd7-43a0-9d19-481dde313d72,7/12/2025 7:14,B 9905 HBE,BRT6812B,2.01521E+15,E-Money,47500,3500,44000,TX000304,TRUE,-6.240586826,106.7571497,S,FALSE,7/12/2025 7:14
90f937b1-22db-494a-80e6-2958beaa2d76,7/10/2025 6:03,B 5087 GUQ,BRT3328,8.66886E+15,E-Money,84500,3500,81000,TX000305,TRUE,-6.245243263,106.7872167,S,FALSE,7/10/2025 6:05
d96c4fef-5e87-4eb7-aa34-d74c4654c415,7/21/2025 4:28,B 2956 FOX,TWS6274,7.47709E+15,JakCard,81000,2000,79000,TX000306,TRUE,-6.22724717,106.806252,F,FALSE,7/21/2025 4:30
d7fe1cf9-5b72-4e84-91c8-cee92b353b56,7/19/2025 2:49,B 2955 RXZ,LGS2156-,5.91952E+15,BRIZZI,59000,35000,24000,TX000307,FALSE,-6.232775446,106.7971385,S,FALSE,7/19/2025 2:50
58eccb30-65e7-4e01-ace7-56a98e9099d0,7/15/2025 6:50,B 1127 VTC,KLG7869-B,6.15675E+15,Flazz,22000,20000,2000,TX000308,TRUE,-6.222750287,106.8183755,F,FALSE,7/15/2025 6:52
a31f88af-0b57-44db-8f19-f1776990a792,7/12/2025 0:24,B 1849 HYJ,NBR6623,5.5036E+15,BRIZZI,71000,35000,36000,TX000309,TRUE,-6.202317808,106.791484,S,FALSE,7/12/2025 0:25
c360528f-4943-4312-a175-22b45c884bb0,7/31/2025 21:25,B 7500 IOO,NBR4281A,5.58513E+15,BRIZZI,15000,2000,13000,TX000310,FALSE,-6.192258897,106.7998588,S,FALSE,7/31/2025 21:27
d47873d4-67f1-4367-be09-970d51ca1c71,7/22/2025 13:49,B 1400 DEN,NBR4572,6.84313E+15,E-Money,93000,2000,91000,TX000311,TRUE,-6.248178283,106.8438548,S,FALSE,7/22/2025 13:51
360e2542-0631-4935-9736-70c95a953bfb,7/9/2025 1:13,B 3954 QJE,PTK6917,2.43213E+14,JakCard,17500,3500,14000,TX000312,FALSE,-6.173576007,106.8351696,S,FALSE,7/9/2025 1:15
0810d936-bf24-4466-bf72-07e1c4667c29,7/2/2025 0:55,B 2001 FVL,KLG8895_B,1.99697E+15,JakCard,92000,20000,72000,TX000313,FALSE,-6.210020648,106.8382989,S,FALSE,7/2/2025 0:55
89d6e4a6-76ff-42ac-ac6d-e9f6d046ef93,7/28/2025 17:11,B 1100 TDZ,KLG2646,5.13194E+15,JakCard,75000,20000,55000,TX000314,FALSE,-6.205686011,106.7647839,S,FALSE,7/28/2025 17:12
5f677956-81c3-4bb2-8a20-fe746c1f1e4a,7/27/2025 16:21,B 7440 EEO,NBR7665A,6.03233E+15,E-Money,14000,2000,12000,TX000315,FALSE,-6.189567987,106.7612471,S,FALSE,7/27/2025 16:23
7d2959af-42a8-4995-8db0-2fc0a2583881,7/5/2025 3:43,B 7537 VGO,PTK541A,3.48748E+15,Flazz,86000,35000,51000,TX000316,FALSE,-6.19095978,106.8323044,S,FALSE,7/5/2025 3:44
c65af857-c4b2-46cc-b298-171b2fd06f8f,7/5/2025 2:46,B 3199 AEB,LGS743-,4.75351E+15,JakCard,53000,35000,18000,TX000317,FALSE,-6.198778934,106.8089092,S,FALSE,7/5/2025 2:47
bfab335c-8e24-4bdb-961c-8f035f65e69d,7/17/2025 13:48,B 9673 YNT,NBR9015-,2.12778E+15,BRIZZI,61000,35000,26000,TX000318,TRUE,-6.218252579,106.7953662,S,FALSE,7/17/2025 13:50
8aac77f6-1a6a-43c3-ae8b-1acbe5fa1003,7/26/2025 3:10,B 4787 YYJ,BRT7403-,5.06348E+15,E-Money,44000,35000,9000,TX000319,TRUE,-6.16621064,106.7754651,S,FALSE,7/26/2025 3:12
cd186366-6d83-4a8b-9e7a-bdc317505e1c,7/21/2025 7:51,B 6284 AMK,KLG7711-B,8.42019E+15,E-Money,14000,0,14000,TX000320,FALSE,-6.247729465,106.8010121,S,TRUE,7/21/2025 7:51
fb6a39a0-ffd3-4674-a76f-453e6ccfa9ed,7/21/2025 22:47,B 9120 EEP,NBR9157,1.46145E+15,BRIZZI,89000,35000,54000,TX000321,FALSE,-6.169245411,106.829432,S,FALSE,7/21/2025 22:48
53b4b0c3-56bd-46a3-a378-0510ea3a1088,7/8/2025 4:43,B 2775 AXD,PTK4578_B,2.63439E+15,BRIZZI,30000,0,30000,TX000322,FALSE,-6.173397432,106.7576465,S,TRUE,7/8/2025 4:44
9dd16b80-9fac-4321-8959-1cc4121ec02f,7/13/2025 12:15,B 5359 YSS,BRT9511A,3.70381E+15,JakCard,86500,3500,83000,TX000323,FALSE,-6.207191316,106.7934268,S,FALSE,7/13/2025 12:17
2f562d16-61ef-4c3b-b2e9-db3cb2385f33,7/23/2025 22:05,B 6780 YNH,BRT6172_B,5.90841E+15,E-Money,34000,20000,14000,TX000324,FALSE,-6.23839613,106.8170587,S,FALSE,7/23/2025 22:07
e9743cf2-bf5f-44bd-aa11-dfb0eeacc1a9,7/10/2025 19:45,B 9518 RSP,KLG9934-B,3.7124E+15,BRIZZI,62000,20000,42000,TX000325,TRUE,-6.191662363,106.7963762,S,FALSE,7/10/2025 19:45
979e2785-affc-48a0-9790-df51e9e82ccf,7/10/2025 9:29,B 6847 MIU,NBR1570-,1.92626E+15,E-Money,33500,3500,30000,TX000326,TRUE,-6.207285073,106.7960374,S,FALSE,7/10/2025 9:30
6d43f3cb-fc58-4678-b804-3db5f76cb836,7/22/2025 4:19,B 2231 AZP,TWS836A,6.18123E+15,JakCard,73500,3500,70000,TX000327,TRUE,-6.183568243,106.7968543,S,FALSE,7/22/2025 4:20
28b642e7-a78f-42c2-b433-0effe481965c,7/29/2025 18:25,B 7871 BBY,NBR9584-B,5.04316E+15,JakCard,76000,20000,56000,TX000328,FALSE,-6.181244429,106.8108255,S,FALSE,7/29/2025 18:26
5c20a80f-3bce-426e-8119-ae14540d8718,7/25/2025 0:58,B 5215 HXF,PTK2891,9.11057E+15,E-Money,51000,2000,49000,TX000329,FALSE,-6.232422665,106.820091,S,FALSE,7/25/2025 0:59
2dd82221-5649-45d7-a0ec-2525bd8bfc02,7/17/2025 5:59,B 4209 QUF,KLG3654_,1.0775E+14,JakCard,89000,0,89000,TX000330,TRUE,-6.171834466,106.7611931,S,TRUE,7/17/2025 5:59
60b2c682-6014-4488-971d-18d0bfca029a,7/9/2025 21:36,B 8245 NES,TWS323_B,9.67769E+15,Flazz,57500,3500,54000,TX000331,FALSE,-6.170113074,106.7736237,S,FALSE,7/9/2025 21:37
2556fb46-8562-4001-a0aa-8e126e4394b7,7/6/2025 17:48,B 2930 CFS,LGS8438_,1.47058E+15,E-Money,72500,3500,69000,TX000332,TRUE,-6.236331556,106.7850057,S,FALSE,7/6/2025 17:48
5a052c2d-3eea-498a-ae0e-5cd1ce3ce953,7/29/2025 19:18,B 8456 SZP,KLG9457_,9.02503E+15,JakCard,36000,2000,34000,TX000333,TRUE,-6.243817347,106.8288215,S,FALSE,7/29/2025 19:20
86341f5c-6925-4c70-975a-9ec59718d53c,7/19/2025 6:43,B 2746 ZQB,LGS3857B,6.54094E+15,Flazz,94000,2000,92000,TX000334,FALSE,-6.16661251,106.7682577,S,FALSE,7/19/2025 6:44
32830639-10ef-4639-aae4-cdf321cff891,7/24/2025 4:43,B 4885 DLM,PTK9457A,4.26098E+15,Flazz,17000,0,17000,TX000335,TRUE,-6.225321164,106.8498896,S,TRUE,7/24/2025 4:44
afdbf190-913d-46bb-b5c4-58090b7163ad,7/12/2025 9:06,B 3220 JEJ,TWS6331,4.01665E+15,JakCard,10000,0,10000,TX000336,FALSE,-6.212617739,106.8304185,S,TRUE,7/12/2025 9:07
24a6940e-e93b-4bd2-a1a3-08a0d7aa9b7f,7/17/2025 11:53,B 5312 NHY,NBR9431-,1.66512E+15,Flazz,46000,20000,26000,TX000337,FALSE,-6.150697741,106.7868565,S,FALSE,7/17/2025 11:53
7d0620fa-77f1-481e-a611-b9c2c881b7bf,7/3/2025 3:00,B 1906 XEO,KLG9116A,3.96927E+15,JakCard,82000,35000,47000,TX000338,FALSE,-6.231531565,106.779569,S,FALSE,7/3/2025 3:02
ca91cbfa-457f-4cda-8397-c7c6c7e6d02f,7/22/2025 12:25,B 8554 RAF,BRT8045B,8.03002E+15,BRIZZI,83000,20000,63000,TX000339,FALSE,-6.242763074,106.7570925,S,FALSE,7/22/2025 12:27
66aca109-184a-4012-bcb7-866a98cfccaa,7/24/2025 21:25,B 7940 HGX,KLG7282,7.38326E+15,Flazz,76500,3500,73000,TX000340,TRUE,-6.159869309,106.8107224,S,FALSE,7/24/2025 21:25
dea146da-3013-4725-9c54-ec1fc98cb9cb,7/10/2025 3:48,B 1202 SER,KLG1044A,3.23725E+15,E-Money,51000,35000,16000,TX000341,TRUE,-6.152155509,106.7722866,S,FALSE,7/10/2025 3:48
ba4909f3-27e7-4c81-a08a-c49e897753de,7/6/2025 16:03,B 7887 WSU,NBR375B,1.41787E+15,JakCard,27000,20000,7000,TX000342,FALSE,-6.164652944,106.7814421,S,FALSE,7/6/2025 16:04
992498dd-2e0f-4d27-a35c-75812777e06a,7/21/2025 22:50,B 3541 AVQ,KLG2228A,2.32479E+15,JakCard,34000,20000,14000,TX000343,FALSE,-6.204030464,106.8217367,S,FALSE,7/21/2025 22:51
71eaa6aa-434e-4965-adac-d0263df657b2,7/22/2025 6:51,B 5361 GUP,LGS2790-,5.81649E+15,BRIZZI,45000,35000,10000,TX000344,TRUE,-6.206598051,106.8301764,S,FALSE,7/22/2025 6:51
4aa11ffe-a179-42ff-8722-9ce76d4c7245,7/21/2025 18:07,B 1102 UNT,PTK2859-,6.29467E+14,BRIZZI,36000,35000,1000,TX000345,FALSE,-6.225030024,106.7578049,S,FALSE,7/21/2025 18:08
64d2292e-5efe-4524-b3b1-dc395b46438f,7/11/2025 4:34,B 9185 OBR,NBR8147_,7.70414E+15,Flazz,77000,20000,57000,TX000346,TRUE,-6.195590102,106.842103,S,FALSE,7/11/2025 4:35
09b0e128-524b-4077-aa48-6450d34209c8,7/5/2025 16:38,B 2782 MWW,LGS4342,1.87974E+15,Flazz,92000,20000,72000,TX000347,FALSE,-6.166350154,106.7772004,S,FALSE,7/5/2025 16:40
f3caa309-80ad-472b-bf36-a33bd7a9032f,7/29/2025 17:12,B 8390 QLQ,KLG8225_B,7.81E+15,E-Money,33000,0,33000,TX000348,TRUE,-6.165512108,106.8494939,S,TRUE,7/29/2025 17:14
b6596bf8-bc43-45f4-ac9d-304d18023c73,7/11/2025 10:39,B 7351 RAW,BRT7453B,5.3122E+15,Flazz,36000,2000,34000,TX000349,TRUE,-6.217952699,106.7811989,S,FALSE,7/11/2025 10:39
25fde1ed-0ad5-4903-a379-347899d43fa7,7/30/2025 23:27,B 2712 CVV,PTK3743-B,1.58568E+15,JakCard,91000,20000,71000,TX000350,FALSE,-6.222219633,106.8461942,S,FALSE,7/30/2025 23:28
740b90a1-f21d-4d09-aa6a-7ec981f8a8af,7/23/2025 9:58,B 3099 MYY,NBR2548-A,5.66447E+15,Flazz,60000,20000,40000,TX000351,TRUE,-6.157730417,106.7536215,S,FALSE,7/23/2025 9:59
6763286e-486a-4873-b65b-de8a1ff27a2f,7/5/2025 4:21,B 7955 YQL,PTK1138-,6.28052E+15,JakCard,58000,35000,23000,TX000352,TRUE,-6.195294411,106.7528489,S,FALSE,7/5/2025 4:22
95f94640-7cd6-4fd4-8b16-a4eaf6102bc8,7/8/2025 16:30,B 2177 CVZ,BRT322-B,9.14771E+15,E-Money,22000,20000,2000,TX000353,TRUE,-6.199536624,106.8148695,F,FALSE,7/8/2025 16:31
b440888f-dc94-4d9e-9671-4dab6a9b4694,7/16/2025 10:08,B 2435 EXS,KLG4881_A,5.63597E+15,Flazz,71000,0,71000,TX000354,TRUE,-6.171730149,106.7805054,S,TRUE,7/16/2025 10:09
efb6165a-cceb-4630-b647-25ac247a1319,7/12/2025 9:15,B 7332 TBT,BRT9815,5.58232E+15,JakCard,96000,35000,61000,TX000355,FALSE,-6.217659676,106.81692,S,FALSE,7/12/2025 9:15
452b9405-fdde-41a8-9f01-f74d05f57a6b,7/4/2025 7:09,B 8926 IPE,LGS623B,5.12966E+15,BRIZZI,90000,20000,70000,TX000356,TRUE,-6.173903602,106.7766813,S,FALSE,7/4/2025 7:11
b3269036-34be-4fd7-bcf2-3759919d2bdf,7/1/2025 14:42,B 1921 KAB,BRT6927_,6.89926E+15,JakCard,38000,35000,3000,TX000357,TRUE,-6.198262817,106.818098,S,FALSE,7/1/2025 14:43
9cf06bfb-c54d-4adf-9e52-4a05d0737368,7/17/2025 2:33,B 1137 UBY,LGS5416_,6.35441E+15,E-Money,85000,35000,50000,TX000358,FALSE,-6.246376717,106.7540806,S,FALSE,7/17/2025 2:34
8eb51b63-cb18-41bc-b7c1-ff7f132da90b,7/8/2025 2:40,B 2383 RWS,BRT1403_B,2.19463E+15,JakCard,78000,20000,58000,TX000359,TRUE,-6.234421055,106.8458484,S,FALSE,7/8/2025 2:42
f454ed92-c27e-4eda-9b72-0bffe85703e0,7/1/2025 7:17,B 7631 XMJ,BRT9655_,1.18765E+15,E-Money,50000,20000,30000,TX000360,TRUE,-6.208707303,106.7642368,S,FALSE,7/1/2025 7:18
56ccd5e2-fc13-4f54-9572-3cd92421a790,7/20/2025 22:45,B 8650 JVL,NBR8952-,9.51054E+15,E-Money,55000,20000,35000,TX000361,TRUE,-6.184141628,106.8458045,S,FALSE,7/20/2025 22:46
e715f8b6-c821-49f1-a9a3-613ce5b32c4b,7/26/2025 23:08,B 3491 LMI,KLG5030B,6.99437E+15,E-Money,96000,35000,61000,TX000362,FALSE,-6.203399352,106.7722109,S,FALSE,7/26/2025 23:09
571f5772-0597-49dd-890e-8f5b4ac842bd,7/8/2025 21:18,B 3538 OLZ,LGS7027-,5.17001E+15,BRIZZI,14500,3500,11000,TX000363,FALSE,-6.204736483,106.7978753,S,FALSE,7/8/2025 21:18
2171a89d-5b8c-41d5-8655-3d2302c4a207,7/29/2025 10:32,B 9735 WAT,LGS9579_,9.29881E+15,JakCard,19500,3500,16000,TX000364,TRUE,-6.151814371,106.7538389,S,FALSE,7/29/2025 10:34
8707d1f8-4821-49a7-a152-a43967af3f1e,7/1/2025 0:01,B 7859 OBL,NBR8178_A,7.36506E+15,JakCard,37000,2000,35000,TX000365,TRUE,-6.22699865,106.8176298,S,FALSE,7/1/2025 0:02
b07ecdc9-f237-4469-8ceb-220c10ec8a01,7/12/2025 6:45,B 3113 DNJ,NBR5282,6.2591E+15,Flazz,62000,0,62000,TX000366,TRUE,-6.175523162,106.7752251,F,TRUE,7/12/2025 6:46
ce83474a-b760-4258-84b2-9427664355a0,7/31/2025 5:44,B 5236 AFO,KLG7146,9.75004E+15,Flazz,51500,3500,48000,TX000367,FALSE,-6.204163744,106.8391681,S,FALSE,7/31/2025 5:46
b2ef76ea-37a0-4afd-b5d3-18aea4810dac,7/18/2025 11:15,B 4707 OWP,LGS9582_,3.11172E+15,Flazz,93000,2000,91000,TX000368,FALSE,-6.245325786,106.8054887,S,FALSE,7/18/2025 11:16
434147e1-fdb1-47dd-97fa-531bf696cabb,7/3/2025 3:14,B 3035 PTZ,KLG9042A,9.97697E+15,BRIZZI,65500,3500,62000,TX000369,FALSE,-6.202378064,106.7875113,S,FALSE,7/3/2025 3:15
98fa9357-4b22-4a2a-9c95-a8e023bca607,7/8/2025 2:31,B 9283 XOG,TWS8108-,6.04546E+15,Flazz,77500,3500,74000,TX000370,FALSE,-6.175254466,106.7572929,S,FALSE,7/8/2025 2:32
ebd65104-942b-4584-a9bf-d7e6b9420d8b,7/22/2025 16:43,B 9126 FBN,LGS1152-B,1.41155E+14,BRIZZI,29000,2000,27000,TX000371,FALSE,-6.20724786,106.7988763,S,FALSE,7/22/2025 16:45
1cc90a7e-42c1-4eeb-aaea-570b254e3b58,7/21/2025 2:53,B 5061 DCD,KLG8460,8.36369E+15,E-Money,77000,35000,42000,TX000372,FALSE,-6.2206997,106.8446334,S,FALSE,7/21/2025 2:53
ab1d8b2c-ac30-47b4-a653-739c0a197bf6,7/31/2025 16:08,B 2553 SSE,NBR2200A,2.43774E+14,JakCard,74000,20000,54000,TX000373,FALSE,-6.179447497,106.8430654,S,FALSE,7/31/2025 16:09
3160e784-d292-41f7-abe8-231f66abe263,7/1/2025 9:46,B 3492 PJO,KLG9392,5.46508E+15,BRIZZI,64000,0,64000,TX000374,FALSE,-6.200705608,106.7779061,S,TRUE,7/1/2025 9:48
397ea938-df32-487c-92e2-14f08e488270,7/25/2025 2:44,B 1420 BNL,TWS6977B,1.39136E+14,BRIZZI,45000,20000,25000,TX000375,TRUE,-6.168148397,106.7856295,S,FALSE,7/25/2025 2:46
f40c0ea6-90ad-4682-a20f-c06f543f3493,7/10/2025 8:40,B 6379 NYQ,KLG3636B,1.02219E+15,Flazz,72000,20000,52000,TX000376,FALSE,-6.248058549,106.785385,S,FALSE,7/10/2025 8:41
765fdc50-b10a-42f5-963b-36595cda127c,7/16/2025 11:11,B 4530 NNI,TWS4193B,3.86632E+15,JakCard,50000,35000,15000,TX000377,TRUE,-6.240550478,106.8129421,S,FALSE,7/16/2025 11:13
534ccdbe-143a-410c-b34a-93f85b65a961,7/4/2025 14:49,B 2466 GEP,PTK3599A,5.8671E+15,JakCard,56500,3500,53000,TX000378,FALSE,-6.183718889,106.8303625,S,FALSE,7/4/2025 14:50
92db10a5-6ad1-44b1-8aba-248fb35c8779,7/9/2025 5:23,B 9605 QSY,NBR5801-,5.05564E+15,JakCard,47000,35000,12000,TX000379,FALSE,-6.216218784,106.7746435,S,FALSE,7/9/2025 5:23
589670ac-fa4e-4ae3-93e1-5de841680a53,7/24/2025 17:11,B 5393 STC,BRT9635,3.2843E+15,JakCard,44000,0,44000,TX000380,TRUE,-6.206336693,106.8328389,S,TRUE,7/24/2025 17:13
1a280fc7-7db9-4ea7-9dd0-7d0b69902596,7/28/2025 18:09,B 5929 FXD,PTK7312,7.502E+15,JakCard,28000,20000,8000,TX000381,TRUE,-6.19608871,106.7588483,S,FALSE,7/28/2025 18:10
34820ba5-a584-4184-bd39-6a4aa3626051,7/7/2025 23:21,B 5006 XNU,LGS1214_,6.36716E+15,Flazz,67000,35000,32000,TX000382,FALSE,-6.161630114,106.8293584,F,FALSE,7/7/2025 23:22
ddf6505b-ff22-4490-a799-043b12d9542d,7/7/2025 21:50,B 9219 PIY,TWS3696A,6.39259E+15,Flazz,38000,0,38000,TX000383,FALSE,-6.239550391,106.8404757,S,TRUE,7/7/2025 21:51
884a5c5c-2ea2-4b65-92f9-a9f18cc8bcf3,7/22/2025 23:39,B 4613 GLN,TWS3608-,5.1776E+15,BRIZZI,49000,20000,29000,TX000384,TRUE,-6.247993474,106.752221,S,FALSE,7/22/2025 23:40
63b72c47-e704-45bd-a364-961be1483279,7/18/2025 4:34,B 3575 QIO,LGS6498-A,9.07736E+15,Flazz,79000,20000,59000,TX000385,TRUE,-6.220228083,106.7693529,S,FALSE,7/18/2025 4:35
a180bb8d-8fd7-40cf-8950-283d6c8dbc03,7/10/2025 9:46,B 1296 XTL,BRT7236A,8.79677E+15,E-Money,46000,35000,11000,TX000386,FALSE,-6.24719321,106.8314299,S,FALSE,7/10/2025 9:46
9157ce8f-5ee0-4a4f-9fce-8a9cd6ec9c35,7/8/2025 15:39,B 6144 ORF,KLG1590-B,8.21581E+15,E-Money,51500,3500,48000,TX000387,FALSE,-6.158957686,106.7891374,S,FALSE,7/8/2025 15:40
b9fc5bf3-5f98-47ac-9e34-5bf57095cfbf,7/19/2025 2:42,B 6340 SYY,TWS5211,3.86709E+15,E-Money,88000,0,88000,TX000388,FALSE,-6.224749274,106.8124626,S,TRUE,7/19/2025 2:43
896ac940-17d3-4049-b922-5a95f74bafc7,7/20/2025 8:14,B 7552 WNH,PTK5873_B,6.66775E+15,E-Money,71000,35000,36000,TX000389,TRUE,-6.186955704,106.8081403,S,FALSE,7/20/2025 8:16
187630d8-b398-4d28-96b0-1855c7f4c1ae,7/7/2025 11:00,B 9120 ORZ,PTK956-B,5.13638E+15,E-Money,35500,3500,32000,TX000390,FALSE,-6.232713542,106.8041489,S,FALSE,7/7/2025 11:02
9d51d6f5-47a3-4cdb-adb8-5f15e96c0a4e,7/6/2025 7:48,B 1570 EQD,KLG3774-,4.13081E+15,BRIZZI,5500,3500,2000,TX000391,FALSE,-6.170345344,106.780161,S,FALSE,7/6/2025 7:49
1ab28bf7-027d-482f-b07a-828e9e78b356,7/1/2025 18:35,B 4378 CDE,KLG1136-A,4.76442E+15,E-Money,56000,20000,36000,TX000392,TRUE,-6.17443706,106.8362701,S,FALSE,7/1/2025 18:36
5639e764-471c-4ef5-998a-0dca56f3091d,7/25/2025 18:38,B 2933 NKX,BRT9687-A,5.23991E+15,E-Money,47000,20000,27000,TX000393,FALSE,-6.241083737,106.7997393,S,FALSE,7/25/2025 18:39
46d1168e-55d0-43ce-bab9-7e4bce474ff5,7/8/2025 17:55,B 4580 QEV,TWS9101-,4.40684E+15,JakCard,74000,20000,54000,TX000394,FALSE,-6.245872631,106.7743531,S,FALSE,7/8/2025 17:56
203a9cb4-1a58-4cb5-946b-9e5520fe1149,7/11/2025 17:59,B 3254 QQQ,TWS7493,2.66128E+15,BRIZZI,66000,35000,31000,TX000395,FALSE,-6.248462049,106.8123443,S,FALSE,7/11/2025 17:59
f8c6056e-99a0-4997-9284-cd0758bb0d17,7/24/2025 2:50,B 1556 MPH,PTK2481_B,7.16845E+15,JakCard,68000,35000,33000,TX000396,TRUE,-6.183671679,106.8445819,S,FALSE,7/24/2025 2:50
3b8dba06-1147-4906-b115-c5f52a00cf2b,7/19/2025 11:53,B 4842 LUJ,PTK2381B,4.54588E+15,Flazz,80000,35000,45000,TX000397,FALSE,-6.246875941,106.7688267,F,FALSE,7/19/2025 11:55
88700fd2-b6a1-4c97-a589-c1fc48aee884,7/2/2025 5:26,B 1496 KWI,KLG4190-B,2.76576E+15,E-Money,27000,2000,25000,TX000398,FALSE,-6.236320846,106.8107537,S,FALSE,7/2/2025 5:27
7655cb4f-b739-484a-8ab4-1e7fb7fc3243,7/14/2025 5:27,B 5245 HDM,KLG6756B,2.17977E+15,Flazz,55000,35000,20000,TX000399,TRUE,-6.203779325,106.757813,S,FALSE,7/14/2025 5:27
4550c1fe-f7ca-4eb0-be4d-eb17c34f39d9,7/7/2025 23:58,B 3269 INO,PTK8100,7.39568E+15,Flazz,88000,35000,53000,TX000400,TRUE,-6.161472376,106.8283896,S,FALSE,7/8/2025 0:00
84d56f28-3784-4873-9a86-db8326c87ee9,7/20/2025 5:42,B 6301 RDI,KLG7439,9.666E+15,JakCard,35000,2000,33000,TX000401,TRUE,-6.224339858,106.7632325,S,FALSE,7/20/2025 5:42
2bf42820-239f-4464-af14-7e6e29a93fd0,7/3/2025 20:28,B 3548 LGT,PTK7132A,3.88126E+15,JakCard,67000,0,67000,TX000402,FALSE,-6.15588963,106.7612886,S,TRUE,7/3/2025 20:28
75d7bff2-9609-4a3f-8894-c5a6aa2ea93d,7/1/2025 4:56,B 7666 WIZ,PTK6315-,7.2727E+15,BRIZZI,87000,35000,52000,TX000403,FALSE,-6.245713194,106.845966,S,FALSE,7/1/2025 4:57
a124f5d2-9362-49a3-a56b-e8fc7ae6d25a,7/20/2025 6:52,B 7213 IKA,KLG473_,4.18733E+15,E-Money,78000,2000,76000,TX000404,FALSE,-6.152144606,106.8494173,S,FALSE,7/20/2025 6:53
2836b137-0f03-4bb4-a4b7-395f13743c3d,7/28/2025 6:16,B 8984 NQY,LGS9580-A,7.95468E+14,BRIZZI,17000,2000,15000,TX000405,TRUE,-6.163087501,106.8115304,S,FALSE,7/28/2025 6:17
845fe220-1e6b-4425-86d9-6b0959721e81,7/7/2025 5:44,B 2304 SVK,LGS4623B,7.74126E+15,BRIZZI,38000,20000,18000,TX000406,TRUE,-6.242081565,106.7744971,S,FALSE,7/7/2025 5:46
0d043cfb-722f-4222-819d-26a7542f63b3,7/10/2025 7:31,B 9565 YRF,BRT8623-,5.96173E+15,JakCard,28000,20000,8000,TX000407,FALSE,-6.164906697,106.7870716,S,FALSE,7/10/2025 7:33
bc1a6372-f9bd-4e97-824b-0d0ca4d87f44,7/20/2025 14:59,B 9384 HOK,LGS9691A,8.75667E+14,BRIZZI,90000,2000,88000,TX000408,TRUE,-6.198170484,106.8051119,S,FALSE,7/20/2025 15:00
17d1c76a-9b54-4ae9-9d7d-267c2b696a4c,7/24/2025 12:22,B 4238 QUH,TWS869_B,3.45172E+15,BRIZZI,11500,3500,8000,TX000409,TRUE,-6.210862345,106.8265409,S,FALSE,7/24/2025 12:22
506c0553-0af9-46d1-8c1e-7ac8906576fe,7/29/2025 6:48,B 4221 FIR,PTK5981_,1.61536E+15,BRIZZI,40000,2000,38000,TX000410,FALSE,-6.196578762,106.8287569,S,FALSE,7/29/2025 6:49
98b2e9a5-c0b9-4541-900d-62d720aa3bfd,7/9/2025 21:14,B 3434 XBK,TWS2140-,6.31176E+15,BRIZZI,82000,0,82000,TX000411,FALSE,-6.192327388,106.8015367,S,TRUE,7/9/2025 21:16
79a953fb-7682-4a4e-acaf-5bc0161306f2,7/20/2025 5:16,B 9819 NEY,NBR7579,5.67774E+15,Flazz,90000,35000,55000,TX000412,FALSE,-6.201048364,106.7681886,S,FALSE,7/20/2025 5:18
da8ad798-060a-46d3-b049-561900ab8b9b,7/13/2025 2:44,B 4061 NCM,BRT7888B,7.12552E+15,E-Money,38000,2000,36000,TX000413,FALSE,-6.179460004,106.773378,S,FALSE,7/13/2025 2:46
6f4b29e1-5885-423b-971c-12701992016a,7/24/2025 13:29,B 6511 WGC,TWS937,7.71717E+15,JakCard,29000,2000,27000,TX000414,FALSE,-6.228225986,106.8031559,S,FALSE,7/24/2025 13:30
0e9a3186-977b-4fb2-ad96-7f07ad556c57,7/17/2025 1:37,B 9813 AMZ,KLG2451-B,9.2793E+15,Flazz,60000,2000,58000,TX000415,TRUE,-6.187782924,106.7679839,S,FALSE,7/17/2025 1:38
a745399d-cb66-4423-a7fc-b67ce666343b,7/6/2025 0:47,B 8947 MUD,KLG9680-,3.84051E+15,Flazz,70000,35000,35000,TX000416,FALSE,-6.198328444,106.8370595,S,FALSE,7/6/2025 0:48
6df6df79-15c5-463d-b6f1-16b1f8904994,7/30/2025 8:15,B 6991 JSL,LGS9003_,9.19756E+15,E-Money,43000,35000,8000,TX000417,FALSE,-6.162051333,106.8249785,S,FALSE,7/30/2025 8:16
6fef7fc9-d7d1-4a98-9559-c49ade95bb67,7/3/2025 18:54,B 7541 TNX,BRT7061-,9.29383E+14,BRIZZI,17000,2000,15000,TX000418,FALSE,-6.193893042,106.8265482,S,FALSE,7/3/2025 18:55
3a3d8b37-a55a-44ae-af4f-a4f84c8bec44,7/2/2025 11:57,B 7895 KCK,BRT8925,2.85126E+15,E-Money,40000,2000,38000,TX000419,FALSE,-6.169047531,106.8383315,F,FALSE,7/2/2025 11:59
588926b1-2fcc-4d1b-87df-c3a18b865a5e,7/29/2025 3:41,B 5758 XWW,LGS4938,6.10529E+15,Flazz,92000,35000,57000,TX000420,TRUE,-6.198584561,106.8287427,S,FALSE,7/29/2025 3:41
8133180f-988a-4678-98e6-6fadd8e1686c,7/29/2025 18:30,B 7550 MPY,KLG8048A,7.43871E+15,Flazz,74000,20000,54000,TX000421,TRUE,-6.176610761,106.821319,S,FALSE,7/29/2025 18:31
4b05240f-b25c-46af-b630-04c3f8878fad,7/21/2025 0:16,B 2645 GSB,PTK9211_B,6.28235E+15,BRIZZI,47000,20000,27000,TX000422,TRUE,-6.177753685,106.7550097,S,FALSE,7/21/2025 0:17
a34c3e1b-abb3-4cde-8286-5e43b00d4fba,7/16/2025 18:53,B 3503 SPX,NBR7675,2.90349E+15,E-Money,53000,35000,18000,TX000423,TRUE,-6.244336738,106.8151866,S,FALSE,7/16/2025 18:55
bf547e12-9542-465c-b896-0d0f0036fae3,7/2/2025 20:00,B 8068 HPD,LGS5535-B,7.77061E+15,JakCard,99000,20000,79000,TX000424,FALSE,-6.228117939,106.7576917,S,FALSE,7/2/2025 20:01
aa99484e-c102-4d57-9205-d8a6559b5d52,7/25/2025 9:20,B 9827 TDG,TWS6489,4.14409E+15,BRIZZI,58000,20000,38000,TX000425,FALSE,-6.229771281,106.7996347,S,FALSE,7/25/2025 9:21
67a74770-4ed1-4877-9df4-8b763bc068fb,7/9/2025 0:38,B 1606 SGW,PTK2929,7.77966E+15,BRIZZI,69000,0,69000,TX000426,TRUE,-6.184825787,106.8333314,S,TRUE,7/9/2025 0:39
c0627883-c882-4a61-bc6e-247c2c460bb6,7/23/2025 12:49,B 9216 OWE,LGS2397,3.96874E+15,Flazz,44000,20000,24000,TX000427,TRUE,-6.184740593,106.7689334,S,FALSE,7/23/2025 12:51
2e8d3382-c2ef-44f9-a014-17802ea62d14,7/19/2025 2:07,B 1815 KHG,BRT3293-B,4.73069E+15,JakCard,83000,0,83000,TX000428,FALSE,-6.194469881,106.7754434,S,TRUE,7/19/2025 2:09
636c59fa-cbb8-4959-8b74-afadb84e5b53,7/11/2025 5:40,B 6260 HIS,PTK1584B,3.91387E+15,JakCard,52000,20000,32000,TX000429,FALSE,-6.161624517,106.8104722,S,FALSE,7/11/2025 5:41
c18807fc-d006-4e78-b18c-23da6f1e0936,7/15/2025 10:47,B 2545 OGT,KLG4866-B,4.87767E+15,JakCard,94000,20000,74000,TX000430,FALSE,-6.197949011,106.8217766,S,FALSE,7/15/2025 10:47
9cbedec0-4dad-40b3-a645-fe35a6401559,7/3/2025 21:06,B 6912 PIR,LGS7257_,8.38807E+15,Flazz,60000,2000,58000,TX000431,TRUE,-6.214235254,106.7504296,S,FALSE,7/3/2025 21:08
1ae49f9c-e5da-42fb-8575-cfe7ffdd6561,7/2/2025 14:50,B 3914 EKG,KLG4508A,8.75618E+15,Flazz,61000,35000,26000,TX000432,FALSE,-6.229507911,106.8082223,S,FALSE,7/2/2025 14:51
beca4054-cb18-497c-ad68-ad49f0c6f2dc,7/28/2025 2:23,B 4117 TJY,BRT2727B,2.73178E+15,E-Money,67000,20000,47000,TX000433,TRUE,-6.176072534,106.7906326,S,FALSE,7/28/2025 2:24
e28dd7d3-dd74-4e0c-9f6a-380712bc7285,7/12/2025 22:39,B 6131 XQH,LGS7401_A,6.61719E+15,BRIZZI,68000,20000,48000,TX000434,TRUE,-6.157706209,106.8243489,S,FALSE,7/12/2025 22:39
80c956e7-3956-40cb-95bd-ec15b095aa5e,7/9/2025 16:15,B 6952 PUS,KLG5162,1.41501E+15,BRIZZI,26000,2000,24000,TX000435,FALSE,-6.161326675,106.7671269,S,FALSE,7/9/2025 16:15
ea813f79-4a87-4369-b5bb-df164d61f252,7/30/2025 6:53,B 9238 MWM,NBR3199_,4.55758E+15,E-Money,98000,35000,63000,TX000436,TRUE,-6.203896154,106.8244259,S,FALSE,7/30/2025 6:53
2978efdb-7f85-4b46-b410-0ce5b5edcd44,7/11/2025 16:35,B 3545 HNV,TWS2254_B,6.94105E+15,Flazz,32000,20000,12000,TX000437,FALSE,-6.201343123,106.7864536,S,FALSE,7/11/2025 16:35
f07d6200-a11c-4d30-8c98-977d4969b28c,7/20/2025 11:43,B 2626 NZU,TWS9690A,2.03612E+15,JakCard,70000,2000,68000,TX000438,FALSE,-6.237635787,106.8336783,S,FALSE,7/20/2025 11:43
71847d22-ba65-44ad-8052-913cc6021641,7/3/2025 3:46,B 8913 IRL,KLG3930,9.52567E+15,E-Money,24000,2000,22000,TX000439,TRUE,-6.172752575,106.779199,S,FALSE,7/3/2025 3:46
0d067014-af93-41bd-b224-50f9e5e41b88,7/7/2025 22:35,B 3100 CBS,BRT8935,7.26688E+15,JakCard,45000,35000,10000,TX000440,FALSE,-6.217389405,106.7716003,S,FALSE,7/7/2025 22:36
34b194eb-870e-4b25-920b-3ca38d96b5e4,7/17/2025 13:20,B 7027 GCK,TWS3795,2.44968E+15,JakCard,54500,3500,51000,TX000441,TRUE,-6.234657481,106.8002866,S,FALSE,7/17/2025 13:22
4a9f719e-6643-4fc4-abbb-cf5066697393,7/26/2025 1:59,B 8815 TVE,NBR1555_,5.88626E+15,E-Money,76500,3500,73000,TX000442,TRUE,-6.184307956,106.779412,S,FALSE,7/26/2025 2:00
5858ce40-7117-4f20-bb9f-a6c7ab5b3561,7/15/2025 20:47,B 7751 NTL,PTK6549,9.10989E+15,Flazz,65000,20000,45000,TX000443,TRUE,-6.198370184,106.7979173,S,FALSE,7/15/2025 20:48
1cebe26f-8f93-4065-814c-1c646e51360a,7/11/2025 4:59,B 1262 RFI,TWS5830_,4.39088E+15,JakCard,28000,20000,8000,TX000444,FALSE,-6.1864202,106.8370738,S,FALSE,7/11/2025 5:00
f9dedfed-96b3-46d2-9cff-99acf7dedd2f,7/20/2025 22:13,B 1445 QKK,KLG5600-B,8.10887E+14,BRIZZI,41500,3500,38000,TX000445,FALSE,-6.178276522,106.814094,S,FALSE,7/20/2025 22:15
3f77f8fc-fd72-4715-b7ad-046fafd1ad13,7/27/2025 21:38,B 1659 AWM,LGS1988B,5.93583E+15,E-Money,59000,35000,24000,TX000446,FALSE,-6.239280887,106.8332873,S,FALSE,7/27/2025 21:40
c25acd29-563f-4193-9f08-2dd2f55d92ad,7/19/2025 18:43,B 8647 JUZ,LGS3263,4.92616E+15,BRIZZI,66000,35000,31000,TX000447,TRUE,-6.158663747,106.8336947,S,FALSE,7/19/2025 18:44
d486856f-8323-4563-80db-7af5cab966ab,7/15/2025 8:01,B 2863 WOY,KLG5394,1.91097E+15,E-Money,55000,20000,35000,TX000448,TRUE,-6.243317661,106.7876212,S,FALSE,7/15/2025 8:02
ac5e98fc-ef22-4f36-8f29-256247b4f9cd,7/19/2025 15:48,B 6596 POQ,NBR1687A,5.19721E+15,BRIZZI,86000,0,86000,TX000449,TRUE,-6.193248944,106.8416051,S,TRUE,7/19/2025 15:50
7b280b88-6497-46f2-8ee7-d3066020e653,7/14/2025 6:10,B 1168 IWX,BRT367,4.36771E+15,JakCard,41000,0,41000,TX000450,TRUE,-6.211216954,106.8074564,S,TRUE,7/14/2025 6:10
d0372348-45a1-4511-b0ad-60cb41900b19,7/13/2025 18:29,B 9280 BBL,KLG3934-,1.87554E+15,E-Money,48000,35000,13000,TX000451,TRUE,-6.197895475,106.793118,S,FALSE,7/13/2025 18:29
6d6afa7e-4fb2-4e6d-8287-f2a7ec1bd4d2,7/29/2025 18:47,B 9136 NWB,PTK3362_,9.95771E+15,JakCard,22000,0,22000,TX000452,TRUE,-6.168641899,106.7543555,S,TRUE,7/29/2025 18:47
eb10b65e-a4a1-4853-aeb1-c5158e277d16,7/23/2025 19:35,B 3308 ZRT,BRT6234_,5.33732E+15,BRIZZI,89000,35000,54000,TX000453,TRUE,-6.22716242,106.8422309,S,FALSE,7/23/2025 19:36
72f418cc-e079-4511-a39d-a74c625a667e,7/17/2025 19:11,B 4548 CEE,NBR7720_B,2.04229E+15,E-Money,75000,20000,55000,TX000454,TRUE,-6.219807763,106.7924786,S,FALSE,7/17/2025 19:12
722a2204-9447-4cb3-958b-3348a56ca1a4,7/2/2025 18:52,B 7095 RSM,TWS2242-,2.51479E+15,E-Money,69500,3500,66000,TX000455,FALSE,-6.151538476,106.8431579,S,FALSE,7/2/2025 18:53
5a548a67-4633-4f1d-b36f-17c34ff8bc8a,7/29/2025 18:01,B 7457 GFK,KLG7825,8.7359E+15,Flazz,27500,3500,24000,TX000456,FALSE,-6.155623126,106.8254328,F,FALSE,7/29/2025 18:02
a9a21b9e-eeef-4685-8e08-a5d3fcb4621d,7/29/2025 8:33,B 6978 HMY,BRT4853_B,3.32352E+15,BRIZZI,48000,35000,13000,TX000457,FALSE,-6.238550573,106.7925132,S,FALSE,7/29/2025 8:34
ecd7d9a6-7b54-4f03-9001-24776a1b9aca,7/31/2025 2:30,B 3747 CAL,KLG6309-,2.76862E+15,E-Money,36000,35000,1000,TX000458,TRUE,-6.1532391,106.7922234,S,FALSE,7/31/2025 2:31
1a4e862b-1086-45d2-860d-e485a4e163e3,7/8/2025 21:27,B 5446 GYR,KLG8054-,4.72168E+15,E-Money,86000,20000,66000,TX000459,TRUE,-6.20384569,106.838517,S,FALSE,7/8/2025 21:27
cfb5dfa5-ae61-4777-96cb-55c486d5c62d,7/1/2025 9:48,B 6827 RPA,KLG3481,6.21048E+15,E-Money,68000,35000,33000,TX000460,TRUE,-6.205059751,106.8496991,S,FALSE,7/1/2025 9:49
83155e30-6f60-40e0-a40a-5e492f3f9817,7/20/2025 11:18,B 9174 VLD,KLG5234,4.25282E+15,E-Money,16500,3500,13000,TX000461,FALSE,-6.187419771,106.7974425,F,FALSE,7/20/2025 11:18
ef8e6157-0c6e-4209-afe3-dd0cc49f53ec,7/27/2025 20:52,B 3040 YNT,BRT5345B,5.3988E+15,BRIZZI,52000,2000,50000,TX000462,FALSE,-6.247804016,106.7903953,S,FALSE,7/27/2025 20:52
4224d43b-9909-43f8-8d13-cee1498507fd,7/7/2025 0:07,B 6589 YUY,BRT4016,6.75587E+15,BRIZZI,29000,20000,9000,TX000463,FALSE,-6.175064855,106.7734015,F,FALSE,7/7/2025 0:08
5abd6879-7316-45ad-9926-c04f8d06125c,7/3/2025 0:35,B 9907 XTI,KLG2539_,4.24306E+15,Flazz,6000,2000,4000,TX000464,TRUE,-6.224410322,106.8474749,S,FALSE,7/3/2025 0:36
568ea31c-531c-425a-a628-6df1bdafbbdc,7/10/2025 12:51,B 4626 LNC,NBR5781-B,6.75096E+15,JakCard,77500,3500,74000,TX000465,FALSE,-6.152813074,106.7816681,S,FALSE,7/10/2025 12:52
7de6edc7-d0a1-4998-94e0-ceee2bf89782,7/15/2025 22:43,B 9512 RWN,KLG8573_,9.72404E+15,BRIZZI,38000,20000,18000,TX000466,FALSE,-6.207178774,106.8231642,S,FALSE,7/15/2025 22:44
04a51319-1856-4271-ab8c-69cf325c0ee0,7/5/2025 23:20,B 2088 JSJ,NBR4266_B,1.73452E+15,Flazz,38000,0,38000,TX000467,FALSE,-6.175396799,106.8412305,S,TRUE,7/5/2025 23:21
31b7d7a7-37e0-489b-872c-f1b3ec327338,7/26/2025 20:07,B 2208 XTS,KLG9207_A,2.30551E+15,E-Money,40000,35000,5000,TX000468,TRUE,-6.16456204,106.8272853,S,FALSE,7/26/2025 20:08
c0cade26-97b0-4169-aefd-7c27516ce4fd,7/20/2025 2:22,B 4554 SVL,NBR6348-B,3.53486E+15,BRIZZI,48500,3500,45000,TX000469,TRUE,-6.217243439,106.8383483,S,FALSE,7/20/2025 2:23
55f162be-8799-4369-bdc6-e15378b18b09,7/5/2025 14:45,B 3105 KPA,KLG5029B,2.61507E+14,BRIZZI,90000,20000,70000,TX000470,FALSE,-6.242844294,106.7733431,S,FALSE,7/5/2025 14:47
f5a0c4e7-a4b8-44c5-96f2-df41d9e63665,7/13/2025 16:07,B 2714 VQG,LGS4553,1.89344E+15,E-Money,40000,2000,38000,TX000471,FALSE,-6.237114554,106.8410083,S,FALSE,7/13/2025 16:08
3436d446-0192-4522-b374-b8421c67e712,7/8/2025 4:17,B 6096 YKN,BRT7109_B,8.66388E+15,E-Money,32000,0,32000,TX000472,FALSE,-6.20496571,106.8183655,S,TRUE,7/8/2025 4:18
1d2f732d-505d-4089-824a-9973c0cec6ff,7/27/2025 18:11,B 2303 NRN,BRT7532-,9.0127E+15,Flazz,89000,2000,87000,TX000473,FALSE,-6.201907844,106.7524892,S,FALSE,7/27/2025 18:12
4ec32f75-1ff3-4274-b635-f982b6374f96,7/28/2025 18:16,B 3300 UPH,TWS9940_,5.95829E+15,JakCard,72000,20000,52000,TX000474,FALSE,-6.18850138,106.8259298,F,FALSE,7/28/2025 18:17
912b9687-858f-47fe-a1ba-408119c2c12f,7/2/2025 17:03,B 6623 ZOY,KLG1342-,5.85869E+15,JakCard,57000,35000,22000,TX000475,FALSE,-6.206255775,106.772107,S,FALSE,7/2/2025 17:03
e6318dc8-fb24-4de5-9406-f004336d18a0,7/21/2025 18:24,B 2265 PLK,LGS9327_A,4.25342E+14,E-Money,88000,2000,86000,TX000476,TRUE,-6.167954892,106.764199,S,FALSE,7/21/2025 18:25
232e911f-f0e2-4a9f-b3c6-097930ab39aa,7/7/2025 9:07,B 2467 CTR,PTK5529,2.485E+15,Flazz,39000,35000,4000,TX000477,FALSE,-6.212423458,106.774478,S,FALSE,7/7/2025 9:08
92050352-3e43-47e3-b7d2-fc49485d110e,7/29/2025 12:40,B 5200 IZM,PTK8089_B,4.78449E+15,Flazz,7000,2000,5000,TX000478,TRUE,-6.165771386,106.8059697,S,FALSE,7/29/2025 12:40
e08725ef-5f53-4bd3-9a52-7f4bd9f71ef9,7/30/2025 2:06,B 8666 SBQ,NBR5833,1.65611E+15,Flazz,4000,2000,2000,TX000479,TRUE,-6.171220063,106.7959791,S,FALSE,7/30/2025 2:08
5f87c2d5-e625-4d91-a5b2-889854facc0c,7/1/2025 3:29,B 6775 NWI,TWS1350,1.70707E+14,BRIZZI,89000,35000,54000,TX000480,FALSE,-6.184426974,106.8466238,S,FALSE,7/1/2025 3:30
a60524cb-bc5e-4e0b-9833-f6bc20ad14c1,7/29/2025 8:10,B 7732 GWN,LGS1261-,8.95826E+15,E-Money,58000,35000,23000,TX000481,TRUE,-6.237098237,106.7592229,S,FALSE,7/29/2025 8:11
6c7b6f60-f4e6-4e32-bf42-ddef4884a107,7/6/2025 7:56,B 6593 HKR,BRT5513_A,1.49061E+15,BRIZZI,86000,35000,51000,TX000482,FALSE,-6.200345445,106.7911871,S,FALSE,7/6/2025 7:57
953b3d76-4f9b-4b26-8843-ca7e4be7c3b5,7/24/2025 16:50,B 6277 CLS,KLG605B,7.93447E+15,JakCard,44000,20000,24000,TX000483,TRUE,-6.189768296,106.8058111,S,FALSE,7/24/2025 16:52
09a80753-958f-4fdc-a0f2-f772a01b7697,7/13/2025 2:28,B 5458 CTB,PTK7154-B,9.42319E+15,E-Money,46000,20000,26000,TX000484,TRUE,-6.247259602,106.8401838,S,FALSE,7/13/2025 2:30
9280022c-1ecf-40f3-ba81-adaa2b1c979c,7/6/2025 21:38,B 6291 FNB,NBR4304A,7.08412E+15,E-Money,70000,2000,68000,TX000485,TRUE,-6.184203912,106.8373179,S,FALSE,7/6/2025 21:39
01eec529-aa36-4d9d-a5b5-f9ff9cf08731,7/23/2025 3:05,B 6254 JQA,BRT2041-B,8.20733E+15,E-Money,62500,3500,59000,TX000486,FALSE,-6.176463887,106.8233388,S,FALSE,7/23/2025 3:07
55229ecf-9bf4-4f61-81fc-23fa4c05a934,7/26/2025 0:48,B 9569 VLH,LGS661_,2.41388E+15,BRIZZI,83000,35000,48000,TX000487,FALSE,-6.223551919,106.8066043,S,FALSE,7/26/2025 0:49
b6a6a2cd-e265-49b7-a596-fd8db85ba56a,7/11/2025 0:54,B 4791 ULS,PTK17B,5.64565E+14,Flazz,28000,0,28000,TX000488,FALSE,-6.207718862,106.7801368,S,TRUE,7/11/2025 0:56
d443bae0-bf8b-45b5-8eb5-518a10f048b3,7/31/2025 16:50,B 7979 TBS,TWS9305,2.28397E+15,BRIZZI,72500,3500,69000,TX000489,FALSE,-6.206163868,106.7779073,S,FALSE,7/31/2025 16:51
02115d18-b69e-4aa6-974e-0396eb0a9ed9,7/13/2025 1:06,B 3266 JZZ,LGS1695A,2.73497E+15,BRIZZI,54000,2000,52000,TX000490,FALSE,-6.163158752,106.8192188,F,FALSE,7/13/2025 1:06
e4f05f88-efc8-4dc0-a71a-4f5fb56b253e,7/9/2025 11:19,B 5025 BHW,BRT9595,4.62299E+15,BRIZZI,94000,20000,74000,TX000491,FALSE,-6.200689108,106.849164,S,FALSE,7/9/2025 11:21
6f110772-847e-43fe-927c-a037acea456d,7/3/2025 13:53,B 9762 ISK,PTK3204,4.51319E+15,BRIZZI,86000,35000,51000,TX000492,TRUE,-6.205074532,106.8005917,S,FALSE,7/3/2025 13:54
38a0459d-f9d2-47f8-b14e-e646454c4c5f,7/8/2025 20:18,B 3096 AEU,TWS878-,1.41721E+15,E-Money,46000,35000,11000,TX000493,FALSE,-6.164400107,106.7567489,S,FALSE,7/8/2025 20:19
4ddeb4fa-e36a-4119-a04a-1ccfeaab63c9,7/10/2025 13:53,B 2040 GOR,TWS488A,6.3912E+15,BRIZZI,38500,3500,35000,TX000494,FALSE,-6.225109099,106.8296091,F,FALSE,7/10/2025 13:55
a548a1db-7773-4ff7-890e-e71dc29cd1ff,7/22/2025 5:42,B 6284 PRK,PTK5678-A,6.85013E+15,E-Money,4000,2000,2000,TX000495,TRUE,-6.153725581,106.7813958,S,FALSE,7/22/2025 5:42
e7d24ed5-bb55-4b38-aa25-68ab2a8ee894,7/1/2025 7:00,B 3051 EYH,PTK6340B,3.37397E+15,JakCard,21000,20000,1000,TX000496,TRUE,-6.154341001,106.7806377,S,FALSE,7/1/2025 7:01
695cdac5-cf62-4e6a-9983-54b26e3d1e25,7/31/2025 19:47,B 7776 GYF,KLG2471A,5.8023E+15,Flazz,53000,2000,51000,TX000497,TRUE,-6.199959157,106.7507428,S,FALSE,7/31/2025 19:47
c1a7be35-66c4-46c8-a0d3-f256aa19382b,7/9/2025 2:14,B 7570 ONW,KLG2269,5.68664E+15,E-Money,65000,20000,45000,TX000498,TRUE,-6.234353614,106.848067,F,FALSE,7/9/2025 2:14
f9c3509f-76dd-40d6-9db5-8dfb02691b8c,7/9/2025 9:02,B 3110 VLX,NBR2140_A,8.57949E+15,JakCard,83500,3500,80000,TX000499,FALSE,-6.180226767,106.7838688,S,FALSE,7/9/2025 9:04
9802f1a4-4356-4961-9731-48be2bcf61b5,7/1/2025 18:20,B 5532 VVO,NBR6906B,1.22788E+14,BRIZZI,36000,35000,1000,TX000500,FALSE,-6.178744728,106.7914034,S,FALSE,7/1/2025 18:22
1d70f869-f659-4548-8364-6a7ff8ef15f7,7/17/2025 11:16,B 3201 UBO,PTK6783,2.09043E+14,JakCard,85000,20000,65000,TX000501,FALSE,-6.168805014,106.8459824,S,FALSE,7/17/2025 11:17
0f6efde6-04c5-4302-906d-939081368f13,7/13/2025 1:47,B 1663 BJZ,BRT6363_B,6.13623E+15,BRIZZI,52000,35000,17000,TX000502,FALSE,-6.222309704,106.8418354,S,FALSE,7/13/2025 1:48
4808678b-62f4-43eb-9a8c-ae5271af0180,7/5/2025 18:42,B 2012 YCL,NBR1491B,8.88647E+15,BRIZZI,68000,35000,33000,TX000503,TRUE,-6.206447491,106.7737036,S,FALSE,7/5/2025 18:43
fd9e84f2-a56c-446e-8370-532be34ef9f7,7/14/2025 17:49,B 5660 VLJ,NBR1122B,4.75422E+14,JakCard,90000,20000,70000,TX000504,FALSE,-6.160981855,106.7913216,S,FALSE,7/14/2025 17:50
f140d071-a833-497d-a946-ca5c2e308807,7/24/2025 3:57,B 3890 CHG,BRT8932,3.71379E+15,E-Money,55000,20000,35000,TX000505,TRUE,-6.200087477,106.8308954,S,FALSE,7/24/2025 3:59
cd8a36ac-7889-4af5-aa5f-a40441c3b774,7/25/2025 10:02,B 2164 XGD,KLG1758B,4.06682E+14,JakCard,55000,0,55000,TX000506,TRUE,-6.234353912,106.8250741,S,TRUE,7/25/2025 10:04
3429a0be-6c5e-41dc-bf13-57437c4b757d,7/21/2025 21:03,B 2767 HTQ,LGS1500A,1.19924E+15,BRIZZI,25000,0,25000,TX000507,TRUE,-6.16844313,106.7711174,S,TRUE,7/21/2025 21:04
4426e651-2cca-433e-9d0e-2bef0f01cad0,7/29/2025 14:52,B 4582 VRW,PTK3813_,4.83704E+15,Flazz,49000,20000,29000,TX000508,FALSE,-6.221377556,106.797755,S,FALSE,7/29/2025 14:53
e30a2d4f-1473-462c-8742-e0ef5d88e5b9,7/30/2025 3:13,B 3825 QMY,PTK5093,4.88431E+15,E-Money,97000,20000,77000,TX000509,TRUE,-6.172546537,106.7890159,F,FALSE,7/30/2025 3:15
26feed01-b6b1-467f-941f-0b9115e909ca,7/1/2025 16:43,B 9505 VRD,LGS1070_A,5.45671E+14,Flazz,72000,20000,52000,TX000510,FALSE,-6.151865226,106.7950725,S,FALSE,7/1/2025 16:44
99b75bf2-fee4-4439-8d17-dfd49c7f8d0d,7/13/2025 14:45,B 3973 TUX,LGS9510_B,5.35348E+15,Flazz,10500,3500,7000,TX000511,FALSE,-6.229815706,106.8196446,S,FALSE,7/13/2025 14:47
37d6918a-f31f-43fa-ae59-8d16c47bca04,7/7/2025 17:58,B 9134 WCE,NBR4066,3.9326E+15,Flazz,98000,20000,78000,TX000512,TRUE,-6.184006871,106.7653498,S,FALSE,7/7/2025 17:59
1b04917b-5aa3-410a-ab07-407e8148dc88,7/2/2025 12:18,B 3744 GLZ,TWS8105,2.16848E+15,BRIZZI,58000,20000,38000,TX000513,FALSE,-6.194285384,106.8006115,S,FALSE,7/2/2025 12:19
4c440ff5-1019-476f-a9f1-a5f7ba392a93,7/13/2025 6:22,B 3797 XXQ,NBR2265_A,9.27398E+15,JakCard,86000,2000,84000,TX000514,TRUE,-6.220464053,106.7538521,S,FALSE,7/13/2025 6:24
1e0d00ac-4b47-4672-9df3-89dde555c9f4,7/13/2025 3:13,B 7403 EKS,NBR5222-A,6.01379E+15,E-Money,55000,35000,20000,TX000515,TRUE,-6.182164499,106.7778583,S,FALSE,7/13/2025 3:14
